time,ins_x,ins_y,d1,d2,d3,d4,click
0.02143406867980957,1216.0,445.0,72.2931522419528,140.73043824843577,185.15241411434064,258.51057294069165,False
0.03728961944580078,1216.0,445.0,72.2931522419528,140.73043824843577,185.15241411434064,258.51057294069165,False
0.053151607513427734,1216.0,445.0,72.2931522419528,140.73043824843577,185.15241411434064,258.51057294069165,False
0.06951522827148438,1216.0,445.0,72.2931522419528,140.73043824843577,185.15241411434064,258.51057294069165,False
0.08547306060791016,1216.0,445.0,72.2931522419528,140.73043824843577,185.15241411434064,258.51057294069165,False
0.10189008712768555,1216.0,445.0,72.2931522419528,140.73043824843577,185.15241411434064,258.51057294069165,False
0.11815524101257324,1216.0,445.0,72.2931522419528,140.73043824843577,185.15241411434064,258.51057294069165,False
0.13504505157470703,1216.0,445.0,72.2931522419528,140.73043824843577,185.15241411434064,258.51057294069165,False
0.1509079933166504,1216.0,445.0,72.2931522419528,140.73043824843577,185.15241411434064,258.51057294069165,False
0.16718149185180664,1216.0,445.0,72.2931522419528,140.73043824843577,185.15241411434064,258.51057294069165,False
0.18319916725158691,1216.0,445.0,72.2931522419528,140.73043824843577,185.15241411434064,258.51057294069165,False
0.19932007789611816,1216.0,445.0,72.2931522419528,140.73043824843577,185.15241411434064,258.51057294069165,False
0.21555376052856445,1216.0,445.0,72.2931522419528,140.73043824843577,185.15241411434064,258.51057294069165,False
0.23184466361999512,1216.0,445.0,72.2931522419528,140.73043824843577,185.15241411434064,258.51057294069165,False
0.24816250801086426,1216.0,445.0,72.2931522419528,140.73043824843577,185.15241411434064,258.51057294069165,False
0.26593923568725586,1216.0,445.0,72.2931522419528,140.73043824843577,185.15241411434064,258.51057294069165,False
0.2822229862213135,1216.0,445.0,72.2931522419528,140.73043824843577,185.15241411434064,258.51057294069165,False
0.29740262031555176,1216.0,445.0,72.2931522419528,140.73043824843577,185.15241411434064,258.51057294069165,False
0.31304216384887695,1216.0,445.0,72.2931522419528,140.73043824843577,185.15241411434064,258.51057294069165,False
0.3294084072113037,1216.0,445.0,72.2931522419528,140.73043824843577,185.15241411434064,258.51057294069165,False
0.3457813262939453,1216.0,445.0,72.2931522419528,140.73043824843577,185.15241411434064,258.51057294069165,False
0.3621711730957031,1216.0,445.0,72.2931522419528,140.73043824843577,185.15241411434064,258.51057294069165,False
0.3784763813018799,1216.0,445.0,72.2931522419528,140.73043824843577,185.15241411434064,258.51057294069165,False
0.3948845863342285,1216.0,445.0,72.2931522419528,140.73043824843577,185.15241411434064,258.51057294069165,False
0.41124415397644043,1216.0,445.0,72.2931522419528,140.73043824843577,185.15241411434064,258.51057294069165,False
0.4276123046875,1216.0,445.0,72.2931522419528,140.73043824843577,185.15241411434064,258.51057294069165,False
0.4445624351501465,1216.0,445.0,72.2931522419528,140.73043824843577,185.15241411434064,258.51057294069165,False
0.46096229553222656,1216.0,445.0,72.2931522419528,140.73043824843577,185.15241411434064,258.51057294069165,False
0.477863073348999,1216.0,445.0,72.2931522419528,140.73043824843577,185.15241411434064,258.51057294069165,False
0.4941582679748535,1216.0,445.0,72.2931522419528,140.73043824843577,185.15241411434064,258.51057294069165,False
0.510514497756958,1216.0,445.0,72.2931522419528,140.73043824843577,185.15241411434064,258.51057294069165,False
0.5270764827728271,1216.0,445.0,72.2931522419528,140.73043824843577,185.15241411434064,258.51057294069165,False
0.5437419414520264,1216.0,445.0,72.2931522419528,140.73043824843577,185.15241411434064,258.51057294069165,False
0.5601394176483154,1216.0,445.0,72.2931522419528,140.73043824843577,185.15241411434064,258.51057294069165,False
0.5765013694763184,1216.0,445.0,72.2931522419528,140.73043824843577,185.15241411434064,258.51057294069165,False
0.5933654308319092,1216.0,445.0,72.2931522419528,140.73043824843577,185.15241411434064,258.51057294069165,False
0.6097514629364014,1216.0,445.0,72.2931522419528,140.73043824843577,185.15241411434064,258.51057294069165,False
0.6260902881622314,1216.0,445.0,72.2931522419528,140.73043824843577,185.15241411434064,258.51057294069165,False
0.6425130367279053,1216.0,445.0,72.2931522419528,140.73043824843577,185.15241411434064,258.51057294069165,False
0.65982985496521,1215.2,445.0,71.64672770588842,140.16338471885467,185.684102264293,257.820293112846,False
0.675607442855835,1214.4,445.0,71.00343175400239,139.59861239315575,186.21770918745767,257.13064920281874,False
0.6925759315490723,1212.8000000000002,443.4,68.76536623739452,139.62518492180877,188.4772390624656,256.5733431442145,False
0.7088468074798584,1211.2000000000003,442.59999999999997,67.0034585682367,139.10377518915703,190.1430941179052,255.61800104303285,False
0.7256431579589844,1208.8000000000002,440.99999999999994,64.12304938870783,138.65842246498815,192.9413383690597,254.4130879664819,False
0.7421712875366211,1208.0000000000002,440.99999999999994,63.48416489795087,138.12456800557965,193.48139298902137,253.73436217294267,False
0.7584691047668457,1208.0000000000002,440.19999999999993,63.00348878725307,138.7225575083465,194.07152616094052,254.15930861372905,False
0.7744331359863281,1206.4000000000003,439.3999999999999,61.243019730479794,138.27181914288522,195.74208505724405,253.2352980925958,False
0.7899329662322998,1206.4000000000003,439.3999999999999,61.243019730479794,138.27181914288522,195.74208505724405,253.2352980925958,False
0.8056268692016602,1204.0000000000002,438.5999999999999,58.84937605390463,137.32910158723766,197.9587326692266,251.64893296764055,False
0.821495771408081,1200.0000000000002,435.39999999999986,53.72764035068781,137.32049983056493,203.027530351194,250.08053100529992,False
0.8378896713256836,1200.0000000000002,435.39999999999986,53.72764035068781,137.32049983056493,203.027530351194,250.08053100529992,False
0.8552367687225342,1196.8000000000004,433.79999999999984,50.22106201921343,136.6754392294705,206.3868970471394,248.34563833086935,False
0.8711850643157959,1196.0000000000005,432.99999999999983,49.09734419290458,136.8527878040709,207.5178751036622,248.14755873136224,False
0.8879377841949463,1196.0000000000005,432.1999999999998,48.60606560267811,137.50286253265628,208.09895800076373,248.60780058564856,False
0.9037542343139648,1194.4000000000005,431.3999999999998,46.851013646603846,137.2347813497031,209.77984392482605,247.76642338515262,False
0.9197189807891846,1194.4000000000005,430.5999999999998,46.36354048484182,137.89233802872923,210.3607633342988,248.23252841795215,False
0.9365978240966797,1193.6000000000006,430.5999999999998,45.72845521306311,137.43935045422106,210.9108345531756,247.58339076650236,False
0.9534173011779785,1192.8000000000006,429.7999999999998,44.60634206737846,137.65291458757991,212.04182923826522,247.40539648481098,False
0.970766544342041,1192.8000000000006,428.9999999999998,44.123079665944495,138.31773772508024,212.62258859343737,247.87734430057387,False
0.987663745880127,1192.0000000000007,428.9999999999998,43.48470868122306,137.87543195084814,213.1728279155255,247.23245142208663,False
1.003950595855713,1191.2000000000007,427.39999999999975,41.885014409989196,138.77873126577734,214.8844331489821,247.54233470305854,False
1.0208992958068848,1190.4000000000008,427.39999999999975,41.24303773982409,138.34715182463174,215.43483699505865,246.90175108514367,False
1.0377576351165771,1189.6000000000008,427.39999999999975,40.606672997083926,137.91886232215148,215.9868013847504,246.2621000226779,False
1.0541138648986816,1188.8000000000009,425.7999999999997,39.00380026261891,138.85414686044658,217.69686130184039,246.5913711824606,False
1.0699408054351807,1187.200000000001,424.9999999999997,37.24304366279265,138.70869514117962,219.38005838451562,245.81079387749259,False
1.0853023529052734,1186.400000000001,424.1999999999997,36.1231011643178,138.98939509525928,220.511149903097,245.67059492957446,False
1.1012470722198486,1184.800000000001,422.5999999999997,33.88549410360212,139.57661563206366,222.7733414508373,245.40560479701128,False
1.117614984512329,1184.800000000001,422.5999999999997,33.88549410360212,139.57661563206366,222.7733414508373,245.40560479701128,False
1.1339890956878662,1184.0000000000011,422.5999999999997,33.2430510111332,139.1843015485213,223.32722861867845,244.780346605801,False
1.1513206958770752,1184.0000000000011,421.79999999999967,32.76798509374831,139.88302782138445,223.9044413940107,245.28083025820584,False
1.1671628952026367,1183.2000000000012,421.79999999999967,32.12311592899515,139.49616352691237,224.45838869886796,244.65786909646698,False
1.1834945678710938,1183.2000000000012,421.79999999999967,32.12311592899515,139.49616352691237,224.45838869886796,244.65786909646698,False
1.1995527744293213,1183.2000000000012,421.79999999999967,32.12311592899515,139.49616352691237,224.45838869886796,244.65786909646698,False
1.2157225608825684,1183.2000000000012,420.99999999999966,31.6514610020291,140.19790053226757,225.0355440608363,245.16121332405478,False
1.2317473888397217,1183.2000000000012,420.99999999999966,31.6514610020291,140.19790053226757,225.0355440608363,245.16121332405478,False
1.2479920387268066,1182.4000000000012,420.99999999999966,31.00401124768405,139.8164850076859,225.58955089295407,244.54056460471313,False
1.2638325691223145,1182.4000000000012,420.19999999999965,30.53602986673,140.52117689100447,226.16664941044957,245.04676154744547,False
1.2797763347625732,1181.6000000000013,420.19999999999965,29.88583025290374,140.14520798472503,226.72071516929662,244.42844057834142,False
1.2956311702728271,1180.8000000000013,419.39999999999964,28.76868065039191,140.48227348053283,227.85188149688375,244.32150414960958,False
1.3120198249816895,1180.8000000000013,419.39999999999964,28.76868065039191,140.48227348053283,227.85188149688375,244.32150414960958,False
1.3283607959747314,1180.0000000000014,418.5999999999996,27.65268744305137,140.8276215926286,228.98304984531623,244.21976213299283,False
1.3447461128234863,1180.0000000000014,418.5999999999996,27.65268744305137,140.8276215926286,228.98304984531623,244.21976213299283,False
1.361093521118164,1180.0000000000014,418.5999999999996,27.65268744305137,140.8276215926286,228.98304984531623,244.21976213299283,False
1.3769795894622803,1179.2000000000014,418.5999999999996,27.004163617980105,140.46614243185243,229.53868192047872,243.60722369208347,False
1.3928561210632324,1179.2000000000014,417.7999999999996,26.537996519744063,141.18119153985762,230.11422018479254,244.1232210230389,False
1.4087088108062744,1179.2000000000014,417.7999999999996,26.537996519744063,141.18119153985762,230.11422018479254,244.1232210230389,False
1.424790382385254,1178.4000000000015,417.7999999999996,25.886270283018703,140.82516469318554,230.669902051792,243.51306794776474,False
1.4409048557281494,1177.6000000000015,417.7999999999996,25.24307269428677,140.47279159008585,231.2270163581917,242.9040170108388,False
1.456819772720337,1176.8000000000015,416.9999999999996,24.123160147623757,140.84542952573602,232.35828005195782,242.8174958819273,False
1.4726929664611816,1175.2000000000016,416.1999999999996,22.364139193143746,140.8884062856675,234.0481508254761,242.13314178651146,False
1.4900355339050293,1175.2000000000016,416.1999999999996,22.364139193143746,140.8884062856675,234.0481508254761,242.13314178651146,False
1.5065298080444336,1174.4000000000017,415.3999999999996,21.243089660149828,141.28259930682435,235.1794508872266,242.05956535071024,False
1.5232770442962646,1172.8000000000018,415.3999999999996,19.989405145633054,140.62933264219956,236.3008947978693,240.86180190124196,False
1.5402815341949463,1172.8000000000018,414.59999999999957,19.486834649361832,141.36166691970962,236.87081018086246,241.39427338446092,False
1.5570149421691895,1171.2000000000019,414.59999999999957,18.25278566188364,140.72695977252067,237.99504086933078,240.20385021924653,False
1.571897029876709,1170.400000000002,413.79999999999956,17.124202780787215,141.15334586184642,239.1264031703464,240.1483385045962,False
1.5871946811676025,1169.600000000002,413.79999999999956,16.527312266701692,140.84724070510893,239.69056317367856,239.55744969670073,False
1.603259801864624,1169.600000000002,412.99999999999955,15.996013795204608,141.5874884626866,240.25776555187488,240.09814516752525,False
1.619006633758545,1168.000000000002,412.19999999999953,14.266755891890028,141.7341345498594,241.9533023211306,239.46749540996814,False
1.6353764533996582,1167.200000000002,411.3999999999995,13.136759879728105,142.1890106083273,243.0846719126754,239.43052475465825,False
1.6507658958435059,1166.4000000000021,410.5999999999995,12.007022803196845,142.65140931288548,244.21604151587923,239.39889517426542,False
1.6666462421417236,1165.6000000000022,410.5999999999995,11.422886083649612,142.37100387790085,244.78154406534367,238.8195516060779,False
1.68251371383667,1164.8000000000022,410.5999999999995,10.866280705171516,142.0945491968292,245.34835172941737,238.2414855729314,False
1.6989495754241943,1164.8000000000022,410.5999999999995,10.866280705171516,142.0945491968292,245.34835172941737,238.2414855729314,False
1.7162737846374512,1164.8000000000022,410.5999999999995,10.866280705171516,142.0945491968292,245.34835172941737,238.2414855729314,False
1.7321522235870361,1164.8000000000022,410.5999999999995,10.866280705171516,142.0945491968292,245.34835172941737,238.2414855729314,False
1.7486014366149902,1164.8000000000022,410.5999999999995,10.866280705171516,142.0945491968292,245.34835172941737,238.2414855729314,False
1.765399694442749,1164.8000000000022,409.7999999999995,10.291572423050365,142.84625506599264,245.91291452424045,238.7958815718898,False
1.781947374343872,1164.8000000000022,409.7999999999995,10.291572423050365,142.84625506599264,245.91291452424045,238.7958815718898,False
1.7981865406036377,1164.8000000000022,408.9999999999995,9.748685527505685,143.5984827959792,246.47878075662192,239.35166735035446,False
1.8150489330291748,1164.8000000000022,408.9999999999995,9.748685527505685,143.5984827959792,246.47878075662192,239.35166735035446,False
1.8313877582550049,1164.8000000000022,408.9999999999995,9.748685527505685,143.5984827959792,246.47878075662192,239.35166735035446,False
1.8487637042999268,1164.0000000000023,408.9999999999995,9.16027288882517,143.3288611116268,247.04428498671854,238.77756988893225,False
1.8650898933410645,1164.0000000000023,408.1999999999995,8.620383168575136,144.0830111515043,247.61015039384694,239.3360722702757,False
1.8813772201538086,1164.0000000000023,408.1999999999995,8.620383168575136,144.0830111515043,247.61015039384694,239.3360722702757,False
1.8977432250976562,1164.0000000000023,408.1999999999995,8.620383168575136,144.0830111515043,247.61015039384694,239.3360722702757,False
1.9141230583190918,1164.0000000000023,408.1999999999995,8.620383168575136,144.0830111515043,247.61015039384694,239.3360722702757,False
1.9304800033569336,1164.0000000000023,408.1999999999995,8.620383168575136,144.0830111515043,247.61015039384694,239.3360722702757,False
1.946349859237671,1164.0000000000023,408.1999999999995,8.620383168575136,144.0830111515043,247.61015039384694,239.3360722702757,False
1.9622342586517334,1164.0000000000023,408.1999999999995,8.620383168575136,144.0830111515043,247.61015039384694,239.3360722702757,False
1.978588581085205,1164.0000000000023,408.1999999999995,8.620383168575136,144.0830111515043,247.61015039384694,239.3360722702757,False
1.9949567317962646,1164.0000000000023,408.1999999999995,8.620383168575136,144.0830111515043,247.61015039384694,239.3360722702757,False
2.0118191242218018,1164.0000000000023,408.1999999999995,8.620383168575136,144.0830111515043,247.61015039384694,239.3360722702757,False
2.0281872749328613,1164.0000000000023,408.1999999999995,8.620383168575136,144.0830111515043,247.61015039384694,239.3360722702757,False
2.0444016456604004,1164.0000000000023,408.1999999999995,8.620383168575136,144.0830111515043,247.61015039384694,239.3360722702757,False
2.0591940879821777,1164.0000000000023,408.1999999999995,8.620383168575136,144.0830111515043,247.61015039384694,239.3360722702757,False
2.0743136405944824,1163.2000000000023,408.1999999999995,8.02899345227034,143.81874797373735,248.17565545272896,238.76461779005663,False
2.0906906127929688,1163.2000000000023,407.39999999999947,7.493006234610252,144.57476938823694,248.7415200421034,239.32582459093408,False
2.1064233779907227,1162.4000000000024,407.39999999999947,6.897744001878763,144.3158415071289,249.30702592222354,238.7570261475036,False
2.123021364212036,1162.4000000000024,406.59999999999945,6.36704632390582,145.07368398451618,249.87288970124135,239.32092499925378,False
2.1393678188323975,1161.6000000000024,406.59999999999945,5.766542185253552,144.82006750132427,250.43839639515514,238.75479547260957,False
2.155688524246216,1161.6000000000024,406.59999999999945,5.766542185253552,144.82006750132427,250.43839639515514,238.75479547260957,False
2.1715385913848877,1161.6000000000024,406.59999999999945,5.766542185253552,144.82006750132427,250.43839639515514,238.75479547260957,False
2.187419891357422,1161.6000000000024,406.59999999999945,5.766542185253552,144.82006750132427,250.43839639515514,238.75479547260957,False
2.2028162479400635,1160.8000000000025,406.59999999999945,5.219840865184959,144.5704330675432,251.0051787718831,238.19000730474988,False
2.2186429500579834,1160.8000000000025,406.59999999999945,5.219840865184959,144.5704330675432,251.0051787718831,238.19000730474988,False
2.233567953109741,1160.0000000000025,406.59999999999945,4.745573573489381,144.32480134608136,251.57322820926933,237.6265700600545,False
2.2489194869995117,1159.2000000000025,406.59999999999945,4.3674017933946185,144.08319280830332,252.14253614366862,237.06449337084447,False
2.2652676105499268,1158.4000000000026,405.79999999999944,3.3389122306224728,144.61036024784698,253.2738749807288,237.07574494988532,False
2.2817068099975586,1158.4000000000026,405.79999999999944,3.3389122306224728,144.61036024784698,253.2738749807288,237.07574494988532,False
2.2975070476531982,1158.4000000000026,405.79999999999944,3.3389122306224728,144.61036024784698,253.2738749807288,237.07574494988532,False
2.313953161239624,1158.4000000000026,405.79999999999944,3.3389122306224728,144.61036024784698,253.2738749807288,237.07574494988532,False
2.3302507400512695,1158.4000000000026,405.79999999999944,3.3389122306224728,144.61036024784698,253.2738749807288,237.07574494988532,False
2.3466122150421143,1158.4000000000026,405.79999999999944,3.3389122306224728,144.61036024784698,253.2738749807288,237.07574494988532,False
2.3629744052886963,1158.4000000000026,405.79999999999944,3.3389122306224728,144.61036024784698,253.2738749807288,237.07574494988532,False
2.378842353820801,1158.4000000000026,405.79999999999944,3.3389122306224728,144.61036024784698,253.2738749807288,237.07574494988532,False
2.3947174549102783,1158.4000000000026,405.79999999999944,3.3389122306224728,144.61036024784698,253.2738749807288,237.07574494988532,False
2.412590980529785,1158.4000000000026,405.79999999999944,3.3389122306224728,144.61036024784698,253.2738749807288,237.07574494988532,False
2.42608904838562,1158.4000000000026,405.79999999999944,3.3389122306224728,144.61036024784698,253.2738749807288,237.07574494988532,True
2.4300878047943115,1158.4000000000026,405.79999999999944,3.3389122306224728,144.61036024784698,253.2738749807288,237.07574494988532,False
2.4463706016540527,1158.4000000000026,405.79999999999944,3.3389122306224728,144.61036024784698,253.2738749807288,237.07574494988532,False
2.4627466201782227,1158.4000000000026,405.79999999999944,3.3389122306224728,144.61036024784698,253.2738749807288,237.07574494988532,False
2.479635000228882,1158.4000000000026,405.79999999999944,3.3389122306224728,144.61036024784698,253.2738749807288,237.07574494988532,False
2.496549129486084,1158.4000000000026,405.79999999999944,3.3389122306224728,144.61036024784698,253.2738749807288,237.07574494988532,False
2.5128366947174072,1158.4000000000026,405.79999999999944,3.3389122306224728,144.61036024784698,253.2738749807288,237.07574494988532,False
2.5297112464904785,1158.4000000000026,405.79999999999944,3.3389122306224728,144.61036024784698,253.2738749807288,237.07574494988532,False
2.54610013961792,1158.4000000000026,405.79999999999944,3.3389122306224728,144.61036024784698,253.2738749807288,237.07574494988532,False
2.5624465942382812,1158.4000000000026,405.79999999999944,3.3389122306224728,144.61036024784698,253.2738749807288,237.07574494988532,False
2.58077335357666,1158.4000000000026,405.79999999999944,3.3389122306224728,144.61036024784698,253.2738749807288,237.07574494988532,False
2.597498893737793,1158.4000000000026,405.79999999999944,3.3389122306224728,144.61036024784698,253.2738749807288,237.07574494988532,False
2.614285945892334,1158.4000000000026,405.79999999999944,3.3389122306224728,144.61036024784698,253.2738749807288,237.07574494988532,False
2.6301815509796143,1158.4000000000026,405.79999999999944,3.3389122306224728,144.61036024784698,253.2738749807288,237.07574494988532,False
2.6460609436035156,1158.4000000000026,405.79999999999944,3.3389122306224728,144.61036024784698,253.2738749807288,237.07574494988532,False
2.6624062061309814,1158.4000000000026,405.79999999999944,3.3389122306224728,144.61036024784698,253.2738749807288,237.07574494988532,False
2.67777419090271,1158.4000000000026,405.79999999999944,3.3389122306224728,144.61036024784698,253.2738749807288,237.07574494988532,False
2.693145275115967,1158.4000000000026,405.79999999999944,3.3389122306224728,144.61036024784698,253.2738749807288,237.07574494988532,False
2.710294008255005,1158.4000000000026,405.79999999999944,3.3389122306224728,144.61036024784698,253.2738749807288,237.07574494988532,False
2.7265055179595947,1158.4000000000026,405.79999999999944,3.3389122306224728,144.61036024784698,253.2738749807288,237.07574494988532,False
2.743410587310791,1158.4000000000026,405.79999999999944,3.3389122306224728,144.61036024784698,253.2738749807288,237.07574494988532,False
2.7598493099212646,1158.4000000000026,407.39999999999947,4.893620513810199,143.08128089011174,252.1536041400655,235.93315499977027,False
2.7765488624572754,1157.6000000000026,408.9999999999995,6.401596556025166,141.3164808419276,251.6141367157736,234.2325033624013,False
2.792741060256958,1157.6000000000026,411.3999999999995,8.8010919061324,139.02436021345812,249.95525658571484,232.53271341538414,False
2.80879282951355,1156.8000000000027,412.19999999999953,9.62146257324876,138.02282138864467,249.98690334234348,231.40134489516612,False
2.8250694274902344,1156.8000000000027,415.3999999999996,12.816041344627259,134.96878351814416,247.80456111386692,229.15442825417253,False
2.8408586978912354,1156.0000000000027,416.9999999999996,14.472174421286008,133.20220471433458,247.31254360269588,227.46499509104348,False
2.8563194274902344,1155.2000000000028,420.19999999999965,17.742489567770345,129.90973330468472,245.76621466488334,224.66820153204304,False
2.8721964359283447,1155.2000000000028,421.79999999999967,19.33067828380123,128.38502816698406,244.7057347177964,223.5652601909457,False
2.888063430786133,1154.4000000000028,424.9999999999997,22.60591131748817,125.09367259766621,243.20862371891073,220.79153596123095,False
2.9039340019226074,1153.6000000000029,426.59999999999974,24.30596929207041,123.32575457042194,242.77847591095437,219.11648581380464,False
2.91980242729187,1152.800000000003,427.39999999999975,25.23120025950623,122.32125012312576,242.87430887911853,217.98594901131062,False
2.9356765747070312,1152.000000000003,430.5999999999998,28.52447317861669,119.02890278507616,241.4480233113944,215.23250394453896,False
2.9515461921691895,1151.200000000003,432.1999999999998,30.251586517909328,117.26233203638306,241.05987155762529,213.5647975615544,False
2.967921495437622,1151.200000000003,433.79999999999984,31.81882577500212,115.73690493854554,240.05858869961267,212.49458238296398,False
2.9843504428863525,1150.400000000003,434.59999999999985,32.76630887067044,114.73289700898465,240.18748417915836,211.36496198064785,False
3.000192165374756,1149.600000000003,436.9999999999999,35.28319015006721,112.2034794359676,239.33865846797104,209.17258794749782,False
3.0160250663757324,1148.8000000000031,438.5999999999999,37.023457751792044,110.43783597087297,238.99796474373426,207.51477911687505,False
3.0315277576446533,1148.0000000000032,440.19999999999993,38.76814853241847,108.67295169600061,238.6701926635297,205.85916437020035,False
3.048370838165283,1147.2000000000032,442.59999999999997,41.29118369324479,106.14383435595593,237.88053040755784,203.68293976366837,False
3.065033435821533,1146.4000000000033,444.2,43.04131465838625,104.3799233002997,237.58354417210842,202.03393762940397,False
3.0815210342407227,1145.6000000000033,446.6,45.56651487309337,101.85102615899251,236.83620150288434,199.87049894773088,False
3.0969812870025635,1145.6000000000033,448.20000000000005,47.11333637654233,100.32092593164576,235.91466820735386,198.84245304817944,False
3.112745523452759,1144.8000000000034,449.80000000000007,48.86450021500432,98.55669939773041,235.65866075700464,197.2049014033099,False
3.1286380290985107,1143.2000000000035,453.0000000000001,52.3744710209852,95.03100877586363,235.18663188749332,193.93781772525085,False
3.143998622894287,1143.2000000000035,454.60000000000014,53.915901194150564,93.49881966688804,234.3023178537812,192.93123626990828,False
3.1598715782165527,1142.4000000000035,457.8000000000002,57.21360419655211,90.20454947305082,233.23000278507155,190.313054508905,False
3.1754403114318848,1141.6000000000035,461.0000000000002,60.511392388062305,86.91059896336517,232.1995957072162,187.71631656407425,False
3.1911375522613525,1141.6000000000035,463.4000000000002,62.83078376891475,84.61960285528036,230.94200299252884,186.26221485123486,False
3.2064907550811768,1140.0000000000036,467.4000000000002,67.10717410163141,80.32381430958411,230.26673303266153,182.59082419478892,False
3.2209696769714355,1140.0000000000036,469.0000000000002,68.65341945421261,78.7980443626841,229.4638809804411,181.64821459275305,False
3.236267328262329,1139.2000000000037,472.2000000000003,71.9516789681685,75.5065776069764,228.58173750778124,179.13668148262977,False
3.2511229515075684,1139.2000000000037,476.2000000000003,75.8277130966103,71.70972658765206,226.660255789924,176.86043258489318,False
3.266594171524048,1139.2000000000037,477.8000000000003,77.38165971540823,70.1973043458137,225.90691863647027,175.96714863495998,False
3.2823853492736816,1138.4000000000037,481.00000000000034,80.68006794675843,66.91317511487269,225.13878816253535,173.53937359167912,False
3.2982711791992188,1138.4000000000037,482.60000000000036,82.23571335340228,65.40725994946278,224.4145678612821,172.67338813840112,False
3.3142945766448975,1137.6000000000038,484.2000000000004,83.97848216939788,63.63053096186169,224.41651450542835,171.1407344102118,False
3.330609083175659,1137.6000000000038,487.40000000000043,87.09112377949121,60.629347438137614,223.01843118654384,169.4553644582306,False
3.3466684818267822,1137.6000000000038,488.20000000000044,87.87026479190418,59.88226862641308,222.67472424018558,169.04086173459078,False
3.3632283210754395,1136.8000000000038,489.80000000000047,89.6105816928575,58.101815051147376,222.71979375403942,167.53228029023174,False
3.379775047302246,1136.0000000000039,491.4000000000005,91.35277372945617,56.32189386579233,222.7792186094587,166.0292653194505,False
3.396031141281128,1136.0000000000039,492.2000000000005,92.13060762575006,55.57449103411625,222.4495277827681,165.62550931187434,False
3.412888526916504,1135.200000000004,493.8000000000005,93.87375446962184,53.79422710749647,222.52915792132873,164.13232874144418,False
3.4293131828308105,1135.200000000004,496.20000000000056,96.20707124997067,51.55854774241981,221.5721612134119,162.95109240196376,False
3.4455666542053223,1134.400000000004,497.00000000000057,97.1721867707276,50.520593193545665,221.99451383456716,161.8632080676884,False
3.462178945541382,1134.400000000004,497.8000000000006,97.94954555907783,49.776085238789356,221.68386576199302,161.4767801210597,False
3.4778032302856445,1134.400000000004,499.4000000000006,99.50533986716118,48.2923939336435,221.0699452034409,160.71308379490333,False
3.4941816329956055,1133.600000000004,499.4000000000006,99.69366274725188,47.99409836731038,221.80994128663502,160.0088826332363,False
3.5105297565460205,1133.600000000004,499.4000000000006,99.69366274725188,47.99409836731038,221.80994128663502,160.0088826332363,False
3.5269079208374023,1133.600000000004,500.2000000000006,100.47062249925345,47.25041590465164,221.5077023945578,159.62999377885745,False
3.543259382247925,1133.600000000004,500.2000000000006,100.47062249925345,47.25041590465164,221.5077023945578,159.62999377885745,False
3.559629201889038,1132.800000000004,501.0000000000006,101.4393380730362,46.212642149988625,221.95036329769687,158.54757811082615,False
3.5755209922790527,1132.800000000004,501.80000000000064,102.21555117554485,45.46797355891724,221.65409072362084,158.1732812996866,False
3.5911037921905518,1132.000000000004,502.60000000000065,103.18649245627385,44.431780415314726,222.10510458424582,157.09305054037318,False
3.6078572273254395,1132.000000000004,503.40000000000066,103.96197294613718,43.68605539467071,221.81480935436727,156.7234472578418,False
3.62312388420105,1132.000000000004,504.20000000000067,104.737822262438,42.94228406847649,221.52702276573348,156.35706352027336,False
3.639432191848755,1131.2000000000041,505.0000000000007,105.70981380924995,41.90472828140135,221.98982716177207,155.28068432246573,False
3.6551363468170166,1131.2000000000041,505.8000000000007,106.4849488379038,41.15986610048155,221.70804119347804,154.91915090121856,False
3.671090841293335,1131.2000000000041,506.6000000000007,107.26044901283831,40.417111505908764,221.4287869640812,154.56091261459287,False
3.6875176429748535,1130.4000000000042,507.40000000000066,108.23343866728023,39.37803186805323,221.9033331075676,153.48861625288782,False
3.7054524421691895,1129.6000000000042,509.0000000000007,109.9832267324288,37.59686436650344,222.11286085827462,152.065667796837,False
3.721832275390625,1129.6000000000042,509.80000000000064,110.75734628412476,36.85176434398701,221.84565608815237,151.7175656105755,False
3.7371957302093506,1128.8000000000043,511.4000000000006,112.50770050371861,35.07003495374072,222.0754125057115,150.30765688437504,False
3.7530930042266846,1128.8000000000043,512.2000000000006,113.28151776022045,34.32602040330467,221.81681858262561,149.9682770134147,False
3.7689590454101562,1128.0000000000043,513.0000000000006,114.25924728164178,33.28906979848551,222.31932564215168,148.90588880679886,False
3.7848095893859863,1127.2000000000044,513.8000000000005,115.23978875664251,32.25846647577642,222.82644390162656,147.84452418778724,False
3.8011834621429443,1127.2000000000044,514.6000000000006,116.01193260221251,31.50899846774378,222.57734895622292,147.51249345263767,False
3.8175463676452637,1127.2000000000044,515.4000000000005,116.78445144592229,30.762075832293494,222.33085353795536,147.18406203429691,False
3.8329241275787354,1126.4000000000044,516.2000000000005,117.76570563127962,29.729981514157156,222.8494334360745,146.12771033546724,False
3.8492841720581055,1126.4000000000044,517.0000000000005,118.53759326162265,28.981375500545546,222.60898937220597,145.8049386001294,False
3.866170883178711,1126.4000000000044,517.0000000000005,118.53759326162265,28.981375500545546,222.60898937220597,145.8049386001294,False
3.883017063140869,1126.4000000000044,517.8000000000004,119.30985126837838,28.235588376641218,222.3711634089511,145.48584987031828,False
3.899395227432251,1125.6000000000045,517.8000000000004,119.52051848768942,27.952220255714426,223.13552764447564,144.7517866250982,False
3.914318323135376,1125.6000000000045,518.6000000000004,120.29178663978182,27.201745206796325,222.90113472953445,144.43480232776048,False
3.9301788806915283,1125.6000000000045,519.4000000000003,121.06342769976189,26.45417296698125,222.6693693130009,144.12156159215223,False
3.9470086097717285,1124.8000000000045,520.2000000000003,122.04698623777523,25.423409658960214,223.2072346007477,143.07391141200756,False
3.962106227874756,1124.8000000000045,521.0000000000002,122.81802165459423,24.67383398985261,222.98152781037436,142.76665058420426,False
3.9787580966949463,1124.8000000000045,521.8000000000002,123.58942526192547,23.927524084833774,222.75846540857717,142.46321950360925,False
3.9940669536590576,1124.8000000000045,522.6000000000001,124.36119020819052,23.184795317228804,222.53805534721425,142.16364269261967,False
4.009710073471069,1124.0000000000045,523.4000000000001,125.34440136402569,22.146359186605455,223.09058166041754,141.12413299859557,False
4.025375843048096,1124.0000000000045,525.8000000000001,127.65899002255985,19.92501444006054,222.45557786935794,140.25597346105843,False
4.041566848754883,1124.0000000000045,526.6,128.43121632611255,19.194127370321233,222.24926612190532,139.9745351262522,False
4.056941270828247,1124.0000000000045,528.1999999999999,129.97667680724138,17.750244382855737,221.84472187725478,139.42372562951033,False
4.0729591846466064,1123.2000000000046,528.1999999999999,130.18483108157272,17.40658903691233,222.6195184751882,138.67141914281453,False
4.087865829467773,1123.2000000000046,528.9999999999999,130.9568243245166,16.68045763675115,222.42199120738977,138.40063178823797,False
4.104537487030029,1123.2000000000046,529.7999999999998,131.7291517872448,15.961390667574767,222.2271683192577,138.13394684756065,False
4.120774984359741,1123.2000000000046,529.7999999999998,131.7291517872448,15.961390667574767,222.2271683192577,138.13394684756065,False
4.139033794403076,1123.2000000000046,530.5999999999998,132.50180762544963,15.25038744145328,222.03505692960113,137.8713881267103,False
4.155391693115234,1122.4000000000046,531.3999999999997,133.48259192613799,14.172537120599944,222.6233322309116,136.8553954908481,False
4.172236204147339,1122.4000000000046,531.3999999999997,133.48259192613799,14.172537120599944,222.6233322309116,136.8553954908481,False
4.189073801040649,1122.4000000000046,531.3999999999997,133.48259192613799,14.172537120599944,222.6233322309116,136.8553954908481,False
4.2054173946380615,1122.4000000000046,531.3999999999997,133.48259192613799,14.172537120599944,222.6233322309116,136.8553954908481,False
4.220793008804321,1122.4000000000046,532.1999999999997,134.25469057259997,13.462137033408776,222.43731750794504,136.59974987992373,False
4.236660957336426,1122.4000000000046,532.1999999999997,134.25469057259997,13.462137033408776,222.43731750794504,136.59974987992373,False
4.251999855041504,1122.4000000000046,532.9999999999997,135.02711407035716,12.762345340013667,222.25402670517778,136.348318873241,False
4.267397165298462,1121.6000000000047,533.7999999999996,136.0085102391665,11.674071693206082,222.85321163162425,135.3398081516649,False
4.282744646072388,1121.6000000000047,533.7999999999996,136.0085102391665,11.674071693206082,222.85321163162425,135.3398081516649,False
4.298152923583984,1121.6000000000047,534.5999999999996,136.7803876690739,10.976897328918028,222.6760115078969,135.0955071896573,False
4.314630746841431,1121.6000000000047,534.5999999999996,136.7803876690739,10.976897328918028,222.6760115078969,135.0955071896573,False
4.330393552780151,1120.8000000000047,535.3999999999995,137.7632308499273,9.886291837183153,223.28266311769184,134.09189264754673,False
4.346754312515259,1120.8000000000047,535.3999999999995,137.7632308499273,9.886291837183153,223.28266311769184,134.09189264754673,False
4.362186431884766,1120.8000000000047,535.3999999999995,137.7632308499273,9.886291837183153,223.28266311769184,134.09189264754673,False
4.379124402999878,1120.8000000000047,535.3999999999995,137.7632308499273,9.886291837183153,223.28266311769184,134.09189264754673,False
4.3954644203186035,1120.8000000000047,535.3999999999995,137.7632308499273,9.886291837183153,223.28266311769184,134.09189264754673,False
4.411841630935669,1120.8000000000047,535.3999999999995,137.7632308499273,9.886291837183153,223.28266311769184,134.09189264754673,False
4.428917407989502,1120.8000000000047,536.1999999999995,138.53457101978205,9.192773866545734,223.11154119736653,133.8548768857619,False
4.444956541061401,1120.8000000000047,536.9999999999994,139.30623446586918,8.517946726350077,222.9431586346612,133.62223040498822,False
4.460830926895142,1120.0000000000048,536.9999999999994,139.51881841150768,8.098986521892245,223.72559389423424,132.856342253853,False
4.476707696914673,1120.0000000000048,537.7999999999994,140.28962999583374,7.410931638686454,223.56053661114552,132.62676980675587,False
4.493069171905518,1120.0000000000048,537.7999999999994,140.28962999583374,7.410931638686454,223.56053661114552,132.62676980675587,False
4.509952783584595,1120.0000000000048,537.7999999999994,140.28962999583374,7.410931638686454,223.56053661114552,132.62676980675587,False
4.526034116744995,1120.0000000000048,537.7999999999994,140.28962999583374,7.410931638686454,223.56053661114552,132.62676980675587,False
4.542189836502075,1120.0000000000048,538.5999999999993,141.06076661422415,6.747609415546769,223.39822223195702,132.40163315335462,False
4.558609485626221,1120.0000000000048,538.5999999999993,141.06076661422415,6.747609415546769,223.39822223195702,132.40163315335462,False
4.574972629547119,1119.2000000000048,539.3999999999993,142.045532140581,5.63353566999632,224.02291678366856,131.41153706066274,False
4.591410160064697,1119.2000000000048,539.3999999999993,142.045532140581,5.63353566999632,224.02291678366856,131.41153706066274,False
4.6077680587768555,1119.2000000000048,539.3999999999993,142.045532140581,5.63353566999632,224.02291678366856,131.41153706066274,False
4.624660968780518,1119.2000000000048,540.1999999999992,142.81615032805468,4.990495888848332,223.86665542415648,131.1940717599207,False
4.640933275222778,1118.4000000000049,541.7999999999992,144.5723545884842,3.2680063660354257,224.34837446524358,129.9999094931183,False
4.656744956970215,1118.4000000000049,541.7999999999992,144.5723545884842,3.2680063660354257,224.34837446524358,129.9999094931183,False
4.673113584518433,1118.4000000000049,541.7999999999992,144.5723545884842,3.2680063660354257,224.34837446524358,129.9999094931183,False
4.689493656158447,1118.4000000000049,541.7999999999992,144.5723545884842,3.2680063660354257,224.34837446524358,129.9999094931183,False
4.705884218215942,1118.4000000000049,541.7999999999992,144.5723545884842,3.2680063660354257,224.34837446524358,129.9999094931183,False
4.721717357635498,1118.4000000000049,541.7999999999992,144.5723545884842,3.2680063660354257,224.34837446524358,129.9999094931183,False
4.73813533782959,1118.4000000000049,541.7999999999992,144.5723545884842,3.2680063660354257,224.34837446524358,129.9999094931183,False
4.754456043243408,1118.4000000000049,541.7999999999992,144.5723545884842,3.2680063660354257,224.34837446524358,129.9999094931183,False
4.7698774337768555,1118.4000000000049,542.5999999999991,145.34278552677833,2.772758676830505,224.2009038602045,129.7948722427825,False
4.785897731781006,1118.4000000000049,542.5999999999991,145.34278552677833,2.772758676830505,224.2009038602045,129.7948722427825,False
4.801725625991821,1118.4000000000049,543.3999999999991,146.11353427423404,2.4446913407278017,224.05619263539268,129.59444915898794,False
4.818314552307129,1118.4000000000049,543.3999999999991,146.11353427423404,2.4446913407278017,224.05619263539268,129.59444915898794,False
4.83444881439209,1118.4000000000049,543.3999999999991,146.11353427423404,2.4446913407278017,224.05619263539268,129.59444915898794,False
4.850897312164307,1118.4000000000049,543.3999999999991,146.11353427423404,2.4446913407278017,224.05619263539268,129.59444915898794,False
4.867074728012085,1118.4000000000049,543.3999999999991,146.11353427423404,2.4446913407278017,224.05619263539268,129.59444915898794,False
4.882152318954468,1118.4000000000049,543.3999999999991,146.11353427423404,2.4446913407278017,224.05619263539268,129.59444915898794,True
4.883523941040039,1118.4000000000049,543.3999999999991,146.11353427423404,2.4446913407278017,224.05619263539268,129.59444915898794,False
4.899270296096802,1118.4000000000049,543.3999999999991,146.11353427423404,2.4446913407278017,224.05619263539268,129.59444915898794,False
4.9157164096832275,1118.4000000000049,543.3999999999991,146.11353427423404,2.4446913407278017,224.05619263539268,129.59444915898794,False
4.932091474533081,1118.4000000000049,543.3999999999991,146.11353427423404,2.4446913407278017,224.05619263539268,129.59444915898794,False
4.948959112167358,1118.4000000000049,543.3999999999991,146.11353427423404,2.4446913407278017,224.05619263539268,129.59444915898794,False
4.965238332748413,1118.4000000000049,543.3999999999991,146.11353427423404,2.4446913407278017,224.05619263539268,129.59444915898794,False
4.981605291366577,1118.4000000000049,543.3999999999991,146.11353427423404,2.4446913407278017,224.05619263539268,129.59444915898794,False
4.997438669204712,1118.4000000000049,543.3999999999991,146.11353427423404,2.4446913407278017,224.05619263539268,129.59444915898794,False
5.013851881027222,1118.4000000000049,543.3999999999991,146.11353427423404,2.4446913407278017,224.05619263539268,129.59444915898794,False
5.029714584350586,1118.4000000000049,543.3999999999991,146.11353427423404,2.4446913407278017,224.05619263539268,129.59444915898794,False
5.045586824417114,1118.4000000000049,543.3999999999991,146.11353427423404,2.4446913407278017,224.05619263539268,129.59444915898794,False
5.060965538024902,1118.4000000000049,543.3999999999991,146.11353427423404,2.4446913407278017,224.05619263539268,129.59444915898794,False
5.077348232269287,1118.4000000000049,543.3999999999991,146.11353427423404,2.4446913407278017,224.05619263539268,129.59444915898794,False
5.093698024749756,1118.4000000000049,543.3999999999991,146.11353427423404,2.4446913407278017,224.05619263539268,129.59444915898794,False
5.110074043273926,1118.4000000000049,543.3999999999991,146.11353427423404,2.4446913407278017,224.05619263539268,129.59444915898794,False
5.126430511474609,1118.4000000000049,543.3999999999991,146.11353427423404,2.4446913407278017,224.05619263539268,129.59444915898794,False
5.142803430557251,1118.4000000000049,543.3999999999991,146.11353427423404,2.4446913407278017,224.05619263539268,129.59444915898794,False
5.158993244171143,1118.4000000000049,543.3999999999991,146.11353427423404,2.4446913407278017,224.05619263539268,129.59444915898794,False
5.175560235977173,1120.8000000000047,543.3999999999991,145.4905622659324,4.798126405678283,221.69544270075522,131.92103545990685,False
5.191419363021851,1124.0000000000045,543.3999999999991,144.71768651040202,7.979307739989025,218.54910612713877,135.02714809303097,False
5.2067835330963135,1127.2000000000044,543.3999999999991,144.0117837865667,11.171243754122814,215.40435061451032,138.1375468417643,False
5.223149061203003,1128.8000000000043,543.3999999999991,143.68425943582602,12.768725641829601,213.83258755625312,139.6942640559099,False
5.2395243644714355,1131.2000000000041,543.3999999999991,143.22508586128038,15.165943945885754,211.47573704096243,142.03114360630477,False
5.25588321685791,1132.000000000004,543.3999999999991,143.0806468048268,15.965202457873577,210.69033669271633,142.81056871060207,False
5.271044492721558,1134.400000000004,543.3999999999991,142.6733692755483,18.36336545337817,208.33480225758206,145.15018732140194,False
5.286991834640503,1140.000000000004,544.199999999999,142.67043766904496,23.95149999694871,202.68580692526126,150.44825934870522,False
5.302836894989014,1143.2000000000041,544.199999999999,142.31457713510122,27.151458286957936,199.54763542480708,153.57971827809374,False
5.318870544433594,1153.6000000000042,544.999999999999,142.45167591180277,37.56266565281012,189.19827962458166,163.6242904216268,False
5.334742069244385,1157.6000000000042,544.999999999999,142.3998290752611,41.56155699321824,185.28394994240787,167.55587820973358,False
5.350353479385376,1163.2000000000044,544.999999999999,142.51594721812285,47.16032077879197,179.8102233938985,173.06536855174406,False
5.367642641067505,1164.8000000000043,544.999999999999,142.58950785984112,48.7600197237536,178.24774241012824,174.64056617697003,False
5.38342547416687,1165.6000000000042,544.999999999999,142.63300467222916,49.55987648503556,177.46675264110544,175.42833333285552,False
5.399841070175171,1166.4000000000042,544.999999999999,142.68097382603122,50.359737796806705,176.6859329761461,176.2162107108035,False
5.416186094284058,1169.6000000000042,545.7999999999989,143.71459552124517,53.57908968094921,173.38850467338983,179.23452913682382,False
5.433974742889404,1174.4000000000044,545.7999999999989,144.19987027225045,58.37679207995323,168.70683822804943,183.96992450638245,False
5.44935154914856,1176.8000000000045,545.7999999999989,144.50170032523226,60.77577934341557,166.36853404691882,186.3388619340491,False
5.4656822681427,1180.0000000000043,545.7999999999989,144.9649836248363,63.974547202806356,163.253580651722,189.49866118841024,False
5.4815874099731445,1181.6000000000042,545.7999999999989,145.22251553248196,65.57397622004004,161.6973494926619,191.0790625758394,False
5.497433423995972,1182.4000000000042,545.7999999999989,145.35771492321425,66.37370104987002,160.9195558396304,191.8693850935901,False
5.513886213302612,1184.000000000004,546.5999999999989,146.42758422290524,67.99823662148368,159.17706133580677,193.32909478698568,False
5.529672622680664,1188.8000000000043,548.1999999999988,148.9374171553412,72.86829102072562,154.13742212910313,197.84943862377514,False
5.54555606842041,1194.4000000000044,549.7999999999987,151.7674448179473,78.5604055659222,148.32000392522698,203.18886440369081,False
5.561153888702393,1198.4000000000044,551.3999999999986,154.33271799589457,82.67673881800664,144.06235105262473,206.96502919314221,False
5.5762858390808105,1200.8000000000045,551.3999999999986,154.9868596183228,85.06755340806704,141.72386124723405,209.348899335322,False
5.592158317565918,1204.0000000000043,552.1999999999986,156.67594368070738,88.32612469088848,138.42581944149097,212.4387562817466,False
5.60805082321167,1206.4000000000042,552.1999999999986,157.4057500175567,90.71620474955833,136.08923302033807,214.82444813039274,False
5.623922824859619,1207.2000000000041,552.9999999999985,158.41570629874641,91.58755353751084,135.1277992467548,215.53479693116816,False
5.639811038970947,1208.800000000004,552.9999999999985,158.9254810984179,93.18006026231518,133.56969479120258,217.1261252148657,False
5.6551833152771,1212.0000000000039,554.5999999999984,161.493197409918,96.52723768779573,130.09123788469972,220.15156179493113,False
5.670530796051025,1218.400000000004,555.3999999999984,164.50879175300963,102.97635947496336,123.67533016039984,226.45110908029443,False
5.686899185180664,1224.800000000004,556.1999999999983,167.7183124121854,109.42556193960141,117.26314172063736,232.75888693376123,False
5.702599048614502,1227.2000000000041,556.1999999999983,168.6964466986214,111.81108669112825,114.93065849550261,235.15071292818996,False
5.718400955200195,1230.400000000004,556.9999999999983,170.76754903268738,115.07986256129709,111.63221266029284,238.2766486843823,False
5.733871936798096,1232.0000000000039,557.7999999999982,172.17795426909007,116.76123825868233,109.88859953294563,239.811507778971,False
5.750391006469727,1232.8000000000038,557.7999999999982,172.5258653257688,117.55572548137295,109.11102110228813,240.6093349073437,False
5.7667436599731445,1234.4000000000037,559.3999999999982,174.66558313957435,119.33988818118257,107.18516919984188,242.09341666352364,False
5.7821290493011475,1235.2000000000037,559.3999999999982,175.019519493124,120.13330406198064,106.40587913771778,242.8916531566066,False
5.798051834106445,1237.6000000000035,560.9999999999981,177.52501288776946,122.72454072533607,103.71040113777035,245.18666012192483,False
5.814355134963989,1238.4000000000035,560.9999999999981,177.88765126033667,123.51694106476165,102.92967464647455,245.98526598777232,False
5.829583168029785,1238.4000000000035,561.799999999998,178.60038091880946,123.629135138394,102.75743325601618,245.93943050144762,False
5.846130847930908,1240.0000000000034,561.799999999998,179.33128172345374,125.21280574513756,101.19422575773956,247.53696499318647,False
5.862465143203735,1242.4000000000033,562.599999999998,181.15487023083523,127.70270376501212,98.67874821489922,249.89077568876317,False
5.8783674240112305,1244.0000000000032,563.3999999999979,182.61472871049673,129.40306233419747,96.94642207497256,251.4489167391553,False
5.894695043563843,1245.600000000003,564.1999999999979,184.08039351236158,131.10577612768228,95.21618642341214,253.0101098459458,False
5.9103968143463135,1248.800000000003,564.9999999999978,186.33093127432267,134.3909974444641,91.92049172105726,256.17294783384546,False
5.9269444942474365,1252.0000000000027,565.7999999999978,188.6123024180735,137.67685300802734,88.62500459500093,259.339165417618,False
5.942340135574341,1255.2000000000025,566.5999999999977,190.92340164929303,140.96329846548701,85.32974909541755,262.5086403094785,False
5.958195209503174,1256.8000000000025,567.3999999999977,192.43221515898745,142.67159320216382,83.60406380413669,264.08200277961777,False
5.9745635986328125,1261.6000000000026,568.1999999999977,195.6305565220277,147.53780137450235,78.74004929597638,268.8569011061097,False
5.990318536758423,1264.0000000000027,568.9999999999976,197.59203690658268,150.03685100916726,76.2308296274143,271.235698256469,False
6.0063629150390625,1268.0000000000027,569.7999999999976,200.44431643950216,154.1142243745666,72.15167805102436,275.2168605075455,False
6.0225279331207275,1271.2000000000025,570.5999999999975,202.8888086287406,157.4030807025398,68.85810981142048,278.4009766959417,False
6.039644241333008,1276.0000000000025,571.3999999999975,206.27260089724257,162.2692489112727,63.99339938906441,283.18755782262144,False
6.056061029434204,1280.8000000000025,571.3999999999975,209.0682747372538,167.00263514308816,59.287594633274374,287.98706497606025,False
6.072297096252441,1282.4000000000024,571.3999999999975,210.01627565939913,168.5812676789378,57.72244030481725,289.5869043243965,False
6.087644815444946,1285.6000000000022,572.1999999999974,212.57351837831345,171.86884380920722,54.425864770035155,292.77649952448655,False
6.104048728942871,1288.000000000002,572.1999999999974,214.02896889459728,174.2369219584846,52.08096208771244,295.17634901496444,False
6.11944317817688,1289.600000000002,572.1999999999974,215.0086790488174,175.81612167565666,50.5205685768229,296.7762500276357,False
6.135751247406006,1290.400000000002,572.9999999999974,216.13148296779553,176.735052550115,49.56501421903194,297.56842533121323,False
6.151129484176636,1291.2000000000019,572.9999999999974,216.6245235424072,177.52430997934633,48.78361664744323,298.368397347019,False
6.1675026416778564,1291.2000000000019,572.9999999999974,216.6245235424072,177.52430997934633,48.78361664744323,298.368397347019,False
6.183371305465698,1291.2000000000019,572.9999999999974,216.6245235424072,177.52430997934633,48.78361664744323,298.368397347019,False
6.19925594329834,1291.2000000000019,572.9999999999974,216.6245235424072,177.52430997934633,48.78361664744323,298.368397347019,False
6.215116739273071,1292.0000000000018,572.9999999999974,217.11939220182836,178.31366315398876,48.00283191517519,299.1683695124861,False
6.23147988319397,1292.8000000000018,572.9999999999974,217.61607647462034,179.10311080811883,47.22269042047925,299.96834182641715,False
6.247844219207764,1292.8000000000018,572.9999999999974,217.61607647462034,179.10311080811883,47.22269042047925,299.96834182641715,False
6.264798164367676,1293.6000000000017,573.7999999999973,218.74012572856614,180.02303869218488,46.26818859384702,300.7627491424467,False
6.28067946434021,1295.2000000000016,573.7999999999973,219.73960759039733,181.60126135979934,44.70532980640583,302.36272394986776,False
6.2970240116119385,1297.6000000000015,574.5999999999973,221.87166008248056,184.1002768976598,42.189460006625,304.75929447791685,False
6.313088655471802,1298.4000000000015,575.3999999999972,222.99721839363133,185.02303130318026,41.24261534939293,305.55800225867057,False
6.330320119857788,1299.2000000000014,575.3999999999972,223.50374869655622,185.81152802334074,40.458669522487284,306.3580022223029,False
6.3465964794158936,1299.2000000000014,575.3999999999972,223.50374869655622,185.81152802334074,40.458669522487284,306.3580022223029,False
6.36248779296875,1300.0000000000014,575.3999999999972,224.0119906423087,186.60012266909115,39.67536462594517,307.15800218612463,False
6.3778791427612305,1300.8000000000013,576.1999999999972,225.13821935662304,187.52422760524163,38.73315560871683,307.958801596258,False
6.393061876296997,1301.6000000000013,576.1999999999972,225.64845243251136,188.31244720594972,37.94796387266294,308.758799489074,False
6.409077882766724,1303.2000000000012,576.1999999999972,226.67394341966218,189.88918199885913,36.37951620657772,310.3587953072956,False
6.424469709396362,1304.800000000001,576.9999999999972,228.316553843732,191.6021749165953,34.65404165900249,311.9616319029613,False
6.4403252601623535,1305.600000000001,576.9999999999972,228.83368421015777,192.39032009568646,33.868764695154425,312.7616225832216,False
6.456689834594727,1305.600000000001,576.9999999999972,228.83368421015777,192.39032009568646,33.868764695154425,312.7616225832216,False
6.4726502895355225,1305.600000000001,576.9999999999972,228.83368421015777,192.39032009568646,33.868764695154425,312.7616225832216,False
6.488945007324219,1305.600000000001,577.7999999999971,229.44396837271378,192.52886430764656,33.723365616605484,312.76650228755443,False
6.505159378051758,1306.400000000001,577.7999999999971,229.96134651879066,193.3165420375176,32.9353306827654,313.56648056595844,False
6.521658420562744,1308.8000000000009,578.5999999999971,232.1291004947663,195.8196600233699,30.43484893562302,315.97327176648236,False
6.538034439086914,1308.8000000000009,578.5999999999971,232.1291004947663,195.8196600233699,30.43484893562302,315.97327176648236,False
6.554395437240601,1309.6000000000008,578.5999999999971,232.65151099149506,196.60717455225097,29.64575261999688,316.7732331686914,False
6.5705296993255615,1309.6000000000008,578.5999999999971,232.65151099149506,196.60717455225097,29.64575261999688,316.7732331686914,False
6.5866312980651855,1309.6000000000008,578.5999999999971,232.65151099149506,196.60717455225097,29.64575261999688,316.7732331686914,False
6.603022336959839,1309.6000000000008,578.5999999999971,232.65151099149506,196.60717455225097,29.64575261999688,316.7732331686914,False
6.618264675140381,1309.6000000000008,578.5999999999971,232.65151099149506,196.60717455225097,29.64575261999688,316.7732331686914,False
6.634265899658203,1310.4000000000008,579.399999999997,233.77992093027763,197.53630361086005,28.73105347204345,317.5820310184098,False
6.6501383781433105,1311.2000000000007,579.399999999997,234.30411370755593,198.32345569294876,27.939650181870174,318.38197060623423,False
6.666004657745361,1312.0000000000007,579.399999999997,234.82986175186437,199.11071018843796,27.148750817618403,319.1819104968823,False
6.682360887527466,1312.8000000000006,580.199999999997,235.95870366218924,200.04100847217987,26.244570031999064,319.99262048064776,False
6.698248386383057,1314.4000000000005,580.199999999997,237.01519439515624,201.61490207340572,24.65844061387943,321.59244817739966,False
6.714717864990234,1315.2000000000005,580.9999999999969,238.14442726571372,202.54633765361342,23.767235403293864,322.405037023874,False
6.730573654174805,1316.8000000000004,581.7999999999969,239.80454618578932,204.26598074438462,22.099657974611482,324.0193911686898,False
6.746907472610474,1317.6000000000004,581.7999999999969,240.33690237141863,205.05226827132742,21.302241695809055,324.8192399391687,False
6.76331353187561,1317.6000000000004,581.7999999999969,240.33690237141863,205.05226827132742,21.302241695809055,324.8192399391687,False
6.779154300689697,1317.6000000000004,581.7999999999969,240.33690237141863,205.05226827132742,21.302241695809055,324.8192399391687,False
6.796052694320679,1317.6000000000004,581.7999999999969,240.33690237141863,205.05226827132742,21.302241695809055,324.8192399391687,False
6.81294059753418,1317.6000000000004,581.7999999999969,240.33690237141863,205.05226827132742,21.302241695809055,324.8192399391687,False
6.830392122268677,1319.2000000000003,581.7999999999969,241.40604628244435,206.6251591426336,19.708037411431388,326.41893970375077,False
6.846681594848633,1320.8000000000002,582.5999999999968,243.07285186828088,208.34492646400676,18.055474031151917,328.03500141339146,False
6.863547086715698,1320.8000000000002,582.5999999999968,243.07285186828088,208.34492646400676,18.055474031151917,328.03500141339146,False
6.879807949066162,1320.8000000000002,582.5999999999968,243.07285186828088,208.34492646400676,18.055474031151917,328.03500141339146,False
6.895680904388428,1320.8000000000002,582.5999999999968,243.07285186828088,208.34492646400676,18.055474031151917,328.03500141339146,False
6.911568880081177,1320.8000000000002,582.5999999999968,243.07285186828088,208.34492646400676,18.055474031151917,328.03500141339146,False
6.927438020706177,1320.8000000000002,582.5999999999968,243.07285186828088,208.34492646400676,18.055474031151917,328.03500141339146,False
6.943789958953857,1320.8000000000002,582.5999999999968,243.07285186828088,208.34492646400676,18.055474031151917,328.03500141339146,False
6.959774017333984,1320.8000000000002,582.5999999999968,243.07285186828088,208.34492646400676,18.055474031151917,328.03500141339146,False
6.976672649383545,1320.8000000000002,582.5999999999968,243.07285186828088,208.34492646400676,18.055474031151917,328.03500141339146,False
6.993078708648682,1320.8000000000002,582.5999999999968,243.07285186828088,208.34492646400676,18.055474031151917,328.03500141339146,False
7.009334325790405,1321.6000000000001,582.5999999999968,243.61120168312388,209.1311794473591,17.25661499719622,328.8348140535222,False
7.0255537033081055,1321.6000000000001,582.5999999999968,243.61120168312388,209.1311794473591,17.25661499719622,328.8348140535222,False
7.041347503662109,1322.4,582.5999999999968,244.1509857764496,209.91753631079666,16.45786680688945,329.6346276029649,False
7.057929277420044,1323.2,582.5999999999968,244.69219465632435,210.7039958912639,15.659246422007973,330.4344420551165,False
7.074400901794434,1323.2,582.5999999999968,244.69219465632435,210.7039958912639,15.659246422007973,330.4344420551165,False
7.091166973114014,1323.2,582.5999999999968,244.69219465632435,210.7039958912639,15.659246422007973,330.4344420551165,False
7.108522891998291,1323.2,582.5999999999968,244.69219465632435,210.7039958912639,15.659246422007973,330.4344420551165,False
7.124481439590454,1324.8,582.5999999999968,245.77884910211742,212.277218636499,14.062476163495568,332.0340736414529,False
7.140814542770386,1325.6,582.5999999999968,246.3242759779836,213.06397955965974,13.26438293026617,332.83389076274756,False
7.156069040298462,1327.1999999999998,582.5999999999968,247.41928274956805,214.63779502525028,11.668979898193635,334.43352762982687,False
7.171950578689575,1327.9999999999998,582.5999999999968,247.9688443059473,215.42484742260459,10.871785066689933,335.2333473630882,False
7.188948392868042,1327.9999999999998,582.5999999999968,247.9688443059473,215.42484742260459,10.871785066689933,335.2333473630882,False
7.205286741256714,1327.9999999999998,582.5999999999968,247.9688443059473,215.42484742260459,10.871785066689933,335.2333473630882,False
7.221699476242065,1327.9999999999998,582.5999999999968,247.9688443059473,215.42484742260459,10.871785066689933,335.2333473630882,False
7.238503694534302,1328.7999999999997,582.5999999999968,248.51976584679048,216.21199485875798,10.075034948235027,336.0331679545812,False
7.255386590957642,1328.7999999999997,582.5999999999968,248.51976584679048,216.21199485875798,10.075034948235027,336.0331679545812,False
7.272661447525024,1328.7999999999997,582.5999999999968,248.51976584679048,216.21199485875798,10.075034948235027,336.0331679545812,False
7.289562702178955,1328.7999999999997,582.5999999999968,248.51976584679048,216.21199485875798,10.075034948235027,336.0331679545812,False
7.306421518325806,1328.7999999999997,582.5999999999968,248.51976584679048,216.21199485875798,10.075034948235027,336.0331679545812,False
7.322749137878418,1329.5999999999997,582.5999999999968,249.07203834766358,216.99923629947344,9.278844102581527,336.83298939819207,False
7.339103698730469,1330.3999999999996,582.5999999999968,249.62565284196342,217.78657072534529,8.483369999703338,337.6328116878651,False
7.356001853942871,1330.3999999999996,583.3999999999968,250.20312977698964,217.92952694248964,8.432065766309906,337.6506003556852,False
7.372852325439453,1331.1999999999996,583.3999999999968,250.7567993501224,218.7164386760365,7.632191805715443,338.45038144739243,False
7.389122009277344,1331.9999999999995,583.3999999999968,251.31179576461184,219.5034450319164,6.832347358784118,339.250163571392,False
7.404994487762451,1332.7999999999995,583.3999999999968,251.86811024929378,220.29054499599084,6.032544165021797,340.04994672040027,False
7.4211106300354,1333.5999999999995,583.3999999999968,252.42573408958694,221.07773756844398,5.232801140382902,340.84973088720176,False
7.437229633331299,1333.5999999999995,583.3999999999968,252.42573408958694,221.07773756844398,5.232801140382902,340.84973088720176,False
7.453609943389893,1333.5999999999995,583.3999999999968,252.42573408958694,221.07773756844398,5.232801140382902,340.84973088720176,False
7.46998929977417,1333.5999999999995,583.3999999999968,252.42573408958694,221.07773756844398,5.232801140382902,340.84973088720176,False
7.486020565032959,1333.5999999999995,583.3999999999968,252.42573408958694,221.07773756844398,5.232801140382902,340.84973088720176,False
7.501712799072266,1333.5999999999995,583.3999999999968,252.42573408958694,221.07773756844398,5.232801140382902,340.84973088720176,False
7.517795085906982,1333.5999999999995,583.3999999999968,252.42573408958694,221.07773756844398,5.232801140382902,340.84973088720176,False
7.533766984939575,1333.5999999999995,583.3999999999968,252.42573408958694,221.07773756844398,5.232801140382902,340.84973088720176,False
7.550324440002441,1333.5999999999995,583.3999999999968,252.42573408958694,221.07773756844398,5.232801140382902,340.84973088720176,False
7.566704750061035,1333.5999999999995,583.3999999999968,252.42573408958694,221.07773756844398,5.232801140382902,340.84973088720176,False
7.583069324493408,1333.5999999999995,583.3999999999968,252.42573408958694,221.07773756844398,5.232801140382902,340.84973088720176,False
7.598428010940552,1333.5999999999995,583.3999999999968,252.42573408958694,221.07773756844398,5.232801140382902,340.84973088720176,False
7.615359783172607,1333.5999999999995,583.3999999999968,252.42573408958694,221.07773756844398,5.232801140382902,340.84973088720176,False
7.6317408084869385,1333.5999999999995,583.3999999999968,252.42573408958694,221.07773756844398,5.232801140382902,340.84973088720176,False
7.649140357971191,1333.5999999999995,583.3999999999968,252.42573408958694,221.07773756844398,5.232801140382902,340.84973088720176,False
7.665553331375122,1333.5999999999995,583.3999999999968,252.42573408958694,221.07773756844398,5.232801140382902,340.84973088720176,False
7.682013511657715,1333.5999999999995,583.3999999999968,252.42573408958694,221.07773756844398,5.232801140382902,340.84973088720176,False
7.698319911956787,1333.5999999999995,583.3999999999968,252.42573408958694,221.07773756844398,5.232801140382902,340.84973088720176,False
7.7151899337768555,1333.5999999999995,583.3999999999968,252.42573408958694,221.07773756844398,5.232801140382902,340.84973088720176,False
7.731914758682251,1333.5999999999995,583.3999999999968,252.42573408958694,221.07773756844398,5.232801140382902,340.84973088720176,False
7.749817132949829,1334.3999999999994,583.3999999999968,252.98465862732323,221.86502176353284,4.433150848622966,341.6495160646487,False
7.766255617141724,1334.3999999999994,583.3999999999968,252.98465862732323,221.86502176353284,4.433150848622966,341.6495160646487,False
7.783092975616455,1334.3999999999994,583.3999999999968,252.98465862732323,221.86502176353284,4.433150848622966,341.6495160646487,False
7.799503326416016,1334.3999999999994,583.3999999999968,252.98465862732323,221.86502176353284,4.433150848622966,341.6495160646487,False
7.815429449081421,1334.3999999999994,583.3999999999968,252.98465862732323,221.86502176353284,4.433150848622966,341.6495160646487,False
7.831624507904053,1334.3999999999994,584.1999999999967,253.55700955447463,222.00823454819053,4.479396497537947,341.66896876876297,False
7.848636150360107,1334.3999999999994,584.1999999999967,253.55700955447463,222.00823454819053,4.479396497537947,341.66896876876297,False
7.865389108657837,1334.3999999999994,584.1999999999967,253.55700955447463,222.00823454819053,4.479396497537947,341.66896876876297,False
7.882281541824341,1334.3999999999994,584.1999999999967,253.55700955447463,222.00823454819053,4.479396497537947,341.66896876876297,False
7.8984386920928955,1334.3999999999994,584.1999999999967,253.55700955447463,222.00823454819053,4.479396497537947,341.66896876876297,False
7.915446519851685,1335.1999999999994,584.1999999999967,254.11596440271984,222.79510326969825,3.6899338278631784,342.46870952079803,False
7.932826042175293,1335.1999999999994,584.1999999999967,254.11596440271984,222.79510326969825,3.6899338278631784,342.46870952079803,False
7.949645519256592,1335.9999999999993,584.1999999999967,254.67620547361864,223.5820651901816,2.906239894754498,343.2684514810115,False
7.966171503067017,1335.9999999999993,584.1999999999967,254.67620547361864,223.5820651901816,2.906239894754498,343.2684514810115,False
7.982336521148682,1335.9999999999993,584.1999999999967,254.67620547361864,223.5820651901816,2.906239894754498,343.2684514810115,False
7.997686862945557,1336.7999999999993,584.1999999999967,255.23772429748163,224.36911932897036,2.1346777268983996,344.0681946409786,False
8.013577699661255,1336.7999999999993,584.1999999999967,255.23772429748163,224.36911932897036,2.1346777268983996,344.0681946409786,False
8.029434204101562,1336.7999999999993,584.1999999999967,255.23772429748163,224.36911932897036,2.1346777268983996,344.0681946409786,False
8.045796155929565,1336.7999999999993,584.1999999999967,255.23772429748163,224.36911932897036,2.1346777268983996,344.0681946409786,False
8.062215566635132,1336.7999999999993,584.1999999999967,255.23772429748163,224.36911932897036,2.1346777268983996,344.0681946409786,False
8.078100204467773,1336.7999999999993,584.1999999999967,255.23772429748163,224.36911932897036,2.1346777268983996,344.0681946409786,False
8.094904661178589,1337.5999999999992,584.1999999999967,255.8005124597558,225.1562647189921,1.3955169900683602,344.8679389923527,False
8.110774993896484,1337.5999999999992,584.1999999999967,255.8005124597558,225.1562647189921,1.3955169900683602,344.8679389923527,False
8.127141237258911,1337.5999999999992,584.1999999999967,255.8005124597558,225.1562647189921,1.3955169900683602,344.8679389923527,False
8.143023490905762,1337.5999999999992,584.1999999999967,255.8005124597558,225.1562647189921,1.3955169900683602,344.8679389923527,False
8.159382581710815,1337.5999999999992,584.1999999999967,255.8005124597558,225.1562647189921,1.3955169900683602,344.8679389923527,False
8.175777196884155,1337.5999999999992,584.1999999999967,255.8005124597558,225.1562647189921,1.3955169900683602,344.8679389923527,False
8.192120552062988,1337.5999999999992,584.1999999999967,255.8005124597558,225.1562647189921,1.3955169900683602,344.8679389923527,False
8.208049297332764,1337.5999999999992,584.1999999999967,255.8005124597558,225.1562647189921,1.3955169900683602,344.8679389923527,False
8.209575176239014,1337.5999999999992,584.1999999999967,255.8005124597558,225.1562647189921,1.3955169900683602,344.8679389923527,True
8.224356412887573,1337.5999999999992,584.1999999999967,255.8005124597558,225.1562647189921,1.3955169900683602,344.8679389923527,False
8.24073600769043,1337.5999999999992,584.1999999999967,255.8005124597558,225.1562647189921,1.3955169900683602,344.8679389923527,False
8.257095098495483,1337.5999999999992,584.1999999999967,255.8005124597558,225.1562647189921,1.3955169900683602,344.8679389923527,False
8.273463487625122,1337.5999999999992,584.1999999999967,255.8005124597558,225.1562647189921,1.3955169900683602,344.8679389923527,False
8.28992772102356,1337.5999999999992,584.1999999999967,255.8005124597558,225.1562647189921,1.3955169900683602,344.8679389923527,False
8.305784225463867,1337.5999999999992,584.1999999999967,255.8005124597558,225.1562647189921,1.3955169900683602,344.8679389923527,False
8.321573495864868,1337.5999999999992,584.1999999999967,255.8005124597558,225.1562647189921,1.3955169900683602,344.8679389923527,False
8.337611198425293,1337.5999999999992,584.1999999999967,255.8005124597558,225.1562647189921,1.3955169900683602,344.8679389923527,False
8.3533353805542,1337.5999999999992,584.1999999999967,255.8005124597558,225.1562647189921,1.3955169900683602,344.8679389923527,False
8.369720220565796,1337.5999999999992,584.1999999999967,255.8005124597558,225.1562647189921,1.3955169900683602,344.8679389923527,False
8.385989904403687,1337.5999999999992,584.1999999999967,255.8005124597558,225.1562647189921,1.3955169900683602,344.8679389923527,False
8.40167760848999,1337.5999999999992,584.1999999999967,255.8005124597558,225.1562647189921,1.3955169900683602,344.8679389923527,False
8.417856454849243,1337.5999999999992,584.1999999999967,255.8005124597558,225.1562647189921,1.3955169900683602,344.8679389923527,False
8.434211492538452,1337.5999999999992,584.1999999999967,255.8005124597558,225.1562647189921,1.3955169900683602,344.8679389923527,False
8.450525283813477,1337.5999999999992,584.1999999999967,255.8005124597558,225.1562647189921,1.3955169900683602,344.8679389923527,False
8.466391801834106,1337.5999999999992,584.1999999999967,255.8005124597558,225.1562647189921,1.3955169900683602,344.8679389923527,False
8.482762336730957,1337.5999999999992,584.1999999999967,255.8005124597558,225.1562647189921,1.3955169900683602,344.8679389923527,False
8.498628616333008,1337.5999999999992,584.1999999999967,255.8005124597558,225.1562647189921,1.3955169900683602,344.8679389923527,False
8.514504671096802,1337.5999999999992,584.1999999999967,255.8005124597558,225.1562647189921,1.3955169900683602,344.8679389923527,False
8.530362606048584,1336.7999999999993,584.1999999999967,255.23772429748163,224.36911932897036,2.1346777268983996,344.0681946409786,False
8.545974016189575,1334.3999999999994,584.1999999999967,253.55700955447463,222.00823454819053,4.479396497537947,341.66896876876297,False
8.561639785766602,1332.7999999999995,584.1999999999967,252.44299268146676,220.43478069420476,6.066609896676004,340.0694909233234,False
8.577507495880127,1328.7999999999995,584.1999999999967,249.68106296512124,216.50284841300925,10.05239584771607,336.07081805803097,False
8.593871355056763,1323.1999999999994,583.3999999999968,245.2812869322749,210.85175410609455,15.631511924337318,330.4526182201875,False
8.609749555587769,1315.9999999999993,582.5999999999968,239.87341181273143,203.6296574195056,22.85030482200429,323.2361450461538,False
8.62659502029419,1310.3999999999992,580.9999999999969,234.99227778166608,197.82873374306433,28.544312335113787,317.60574807515644,False
8.642561197280884,1307.1999999999991,580.9999999999969,232.9221018635842,194.6859023128785,31.73287399522961,314.40623417015183,False
8.658861875534058,1299.999999999999,579.399999999997,227.11180048304956,187.3132333965661,39.05118936574694,307.18284501006286,False
8.674721240997314,1294.399999999999,578.5999999999971,223.0073685652845,181.66305690521384,44.704909055281156,301.57400154333453,False
8.690119743347168,1288.7999999999988,578.5999999999971,219.6127558763322,176.16836664931918,50.27439271575545,295.97430452244197,False
8.70590877532959,1286.3999999999987,578.5999999999971,218.18575511074985,173.81555714790179,52.66329563294018,293.57443790894104,False
8.721041202545166,1282.3999999999987,578.5999999999971,215.8457606316739,169.89714164128787,56.64688529445546,289.57466513301284,False
8.737203598022461,1279.199999999999,578.5999999999971,214.00917574300433,166.76519841644222,59.83533353191711,286.3748514824116,False
8.753360033035278,1278.399999999999,578.5999999999971,213.55505386687452,165.98261827409587,60.63263576823875,285.57489872228354,False
8.769512176513672,1275.1999999999991,578.5999999999971,211.7590516403441,162.85399053790402,63.82251989318873,282.37509035840833,False
8.785630941390991,1271.1999999999991,577.7999999999971,208.88969579089104,158.77532787020962,67.87421296502595,278.3675544239376,False
8.802114009857178,1266.399999999999,577.7999999999971,206.31506824978217,154.08826606132502,72.65813838511558,273.5677222699687,False
8.81816816329956,1261.5999999999988,577.7999999999971,203.8209747945818,149.40837571996695,77.44405310648143,268.7678961111123,False
8.833949565887451,1258.3999999999987,577.7999999999971,202.2044625762442,146.29277289146668,80.63559317616578,265.56801549635134,False
8.849927425384521,1251.9999999999986,577.7999999999971,199.08639964803254,140.07298358450547,87.02053744661264,259.16826311109855,False
8.865226984024048,1248.7999999999986,577.7999999999971,197.58666312367933,136.96931552453847,90.21380971231572,255.96839156173223,False
8.881535053253174,1242.3999999999985,577.7999999999971,194.71034714010125,130.77591033998374,96.60169001334869,249.56865834486024,False
8.897104740142822,1235.9999999999984,577.7999999999971,192.0043466239427,124.60338701352525,102.99107516702752,243.16893917070678,False
8.913268327713013,1227.9999999999984,577.7999999999971,188.87246072766317,116.92213527699104,110.97952683870027,235.169311697123,False
8.929715156555176,1219.9999999999984,576.9999999999972,185.27888203120588,109.04237275090884,119.01082733973311,227.1629920530389,False
8.9454984664917,1215.9999999999984,576.9999999999972,183.96693392061323,105.23606742173743,123.00497522754316,223.16308174031576,False
8.961377143859863,1207.9999999999984,576.9999999999972,181.57910142686242,97.66991117473746,130.9943424122202,215.16327111876353,False
8.977269649505615,1201.5999999999983,576.9999999999972,179.9023065834766,91.67004351952716,137.3867271414353,208.7634330716945,False
8.992635011672974,1197.5999999999983,576.9999999999972,178.96258984344453,87.94877890065514,141.38231749860356,204.7635394332343,False
9.007521152496338,1191.9999999999982,576.9999999999972,177.78988911818865,82.78269670564225,146.97654700860616,199.16369551680307,False
9.022954225540161,1190.3999999999983,576.1999999999972,176.69983740513248,80.99656092257626,148.61235469063055,197.5592560649765,False
9.039023399353027,1183.9999999999982,575.3999999999972,174.82809495228162,74.82606421698274,155.04481562046337,191.15801059332824,False
9.054827213287354,1178.399999999998,574.5999999999973,173.27140358525463,69.4244821721745,160.6798940550592,185.5601335211361,False
9.070493698120117,1174.399999999998,573.7999999999973,172.03717143802754,65.48848166698792,164.71922502746997,181.5658746940802,False
9.086369514465332,1172.7999999999981,573.7999999999973,171.88686923719445,64.06697716878136,166.31645094910652,179.96594480835756,False
9.102732181549072,1168.7999999999981,573.7999999999973,171.57582715983668,60.55219562319334,170.30974359368668,175.96612567227436,False
9.118616580963135,1165.5999999999983,572.9999999999974,170.59472380965272,57.37832983551774,173.55135874352675,172.77596437724236,False
9.13460087776184,1163.9999999999984,572.9999999999974,170.52573779772598,56.00240233428565,175.148431007476,171.1761324011747,False
9.152010679244995,1159.9999999999984,572.1999999999974,169.61897390165961,52.18248339609794,179.19019957711365,167.19040643789663,False
9.1688711643219,1157.5999999999985,572.1999999999974,169.5998157342824,50.17774478920551,181.58545032152279,164.79087857304668,False
9.185639142990112,1153.5999999999985,572.1999999999974,169.64334984466765,46.9190462752064,185.57780760401002,160.79169678258407,False
9.202545881271362,1151.9999999999986,571.3999999999975,168.88757803006925,45.159992369366144,187.2250230904825,159.21058946960642,False
9.219754457473755,1148.7999999999988,570.5999999999975,168.22208338673096,42.14841931466931,190.47108607347394,156.03470217113568,False
9.23616075515747,1144.7999999999988,570.5999999999975,168.4750366920572,39.12135071760056,194.4620310925746,152.03672048219423,False
9.251530885696411,1139.9999999999986,569.7999999999976,168.10746793128098,35.152535532891385,199.30520730297764,147.26803894496095,False
9.266990423202515,1135.9999999999986,568.9999999999976,167.7760704935592,31.93060069218905,203.35151929156598,143.30512550407647,False
9.283329963684082,1133.5999999999985,568.9999999999976,168.0997055913853,30.488649680013896,205.74544598161245,140.90763163060612,False
9.299400806427002,1130.3999999999987,568.9999999999976,168.58340944305462,28.765785654246816,208.9375649984586,137.71110894340845,False
9.315612554550171,1127.199999999999,568.1999999999977,168.33924457937349,26.582226472401516,212.18626587567377,134.55573569639745,False
9.331955432891846,1123.999999999999,568.1999999999977,168.94352957449516,25.40644463960866,215.3780140858733,131.36055299623052,False
9.349304914474487,1119.199999999999,568.1999999999977,169.95893199355436,24.335086330618925,220.16608557982676,126.56823533371416,False
9.366493701934814,1116.7999999999988,568.1999999999977,170.5150426034029,24.14189150554002,222.5603140353825,124.17229905054481,False
9.383984565734863,1111.9999999999986,568.1999999999977,171.72251492842057,24.467527929041932,227.34913606938787,119.38091624507202,False
9.399916648864746,1107.1999999999985,568.1999999999977,173.05474426505316,25.701535371483782,232.13841982633124,114.5902547144733,False
9.417753219604492,1104.7999999999984,567.3999999999977,173.00452626699956,25.900484438070645,234.58691765935072,112.25005897207397,False
9.435022115707397,1100.7999999999984,567.3999999999977,174.26340625124573,27.871597108365716,238.57759501586844,108.26085087685175,False
9.45073390007019,1099.1999999999985,567.3999999999977,174.790051828054,28.778155915012782,240.17395280548635,106.66539396598266,False
9.466298341751099,1095.9999999999986,567.3999999999977,175.88228204565684,30.76125684792859,243.3668118941539,103.47490103689398,False
9.482160091400146,1092.7999999999988,567.3999999999977,177.02562542502758,32.93641735009562,246.55985613403692,100.2850139316524,False
9.497040748596191,1091.199999999999,567.3999999999977,177.61615781479244,34.08465813760498,248.15644545224538,98.69031592111797,False
9.512415647506714,1087.9999999999989,567.3999999999977,178.83432119261525,36.48337409496081,251.34975421672058,95.50145198522763,False
9.527794122695923,1084.799999999999,567.3999999999977,180.1011087027441,38.997297987787555,254.54323104360554,92.31335876222599,False
9.544049263000488,1083.1999999999991,567.3999999999977,180.75241856120417,40.29076299657303,256.1400305160726,90.71962656063901,False
9.561641454696655,1080.7999999999993,567.3999999999977,181.75141816606376,42.270321522228784,258.5353039272567,88.32945318131053,False
9.5779550075531,1076.7999999999993,568.1999999999977,184.1930135705961,46.07319435320713,262.47964197235416,84.2740813355829,False
9.593759536743164,1071.999999999999,568.1999999999977,186.344596453772,50.22517531479197,267.2715823612832,79.49317012782559,False
9.608644247055054,1068.7999999999993,568.9999999999976,188.53912893741176,53.422553528154275,270.4221670458104,76.23493532462265,False
9.623034238815308,1067.9999999999993,568.9999999999976,188.91658707048867,54.13139007745291,271.2210128494478,75.4378723362382,False
9.63940167427063,1064.7999999999995,568.9999999999976,190.4525447188766,56.99087696037673,274.4164633115018,72.25026960015632,False
9.65479850769043,1063.1999999999996,569.7999999999976,191.93248511673957,58.779628395235704,275.9732346905847,70.58787634526834,False
9.670277833938599,1061.5999999999997,569.7999999999976,192.72318569091405,60.22226371351142,277.57126117132657,68.99320781260457,False
9.686242818832397,1059.9999999999998,569.7999999999976,193.52388421748262,61.6726631440335,279.16931025973656,67.39879198926037,False
9.702386617660522,1056.8,569.7999999999976,195.15478134587372,64.59465956464864,282.3654747241764,64.21079376777926,False
9.718281030654907,1055.2,569.7999999999976,195.98473446144436,66.06531901664114,283.9635893541032,62.61725380138149,False
9.733620882034302,1053.6000000000001,569.7999999999976,196.82419465525558,67.54185894146146,285.56172509900904,61.024051905498446,False
9.748992919921875,1051.2000000000003,569.7999999999976,198.1009459627605,69.76687758539035,287.9589675379226,58.63494322477412,False
9.76537299156189,1050.4000000000003,569.7999999999976,198.5311525207671,70.51110107113416,288.7580585314191,57.83877406758943,False
9.781687021255493,1048.8000000000004,569.7999999999976,199.39841017668917,72.00313678418051,290.3562555370397,56.2467618888412,False
9.797629833221436,1048.0000000000005,569.7999999999976,199.83543157026662,72.75087541061113,291.1553614667242,55.4509282307264,False
9.813472509384155,1047.2000000000005,569.7999999999976,200.27469495859495,73.49971455222882,291.9544722934501,54.65521622240956,False
9.829911231994629,1046.4000000000005,569.7999999999976,200.7161856219916,74.24962091154386,292.7535879771161,53.85963125558429,False
9.846239566802979,1044.8000000000006,569.7999999999976,201.60579017084027,75.75250846015383,294.3518337570386,52.268865649886195,False
9.862593412399292,1044.0000000000007,569.7999999999976,202.05387489551495,76.50542924691379,295.15096377525083,51.473697506542344,False
9.877968072891235,1043.2000000000007,569.7999999999976,202.50412857563163,77.25929633709711,295.95009849430284,50.67868145151563,False
9.89431881904602,1042.4000000000008,569.7999999999976,202.95653677588086,78.01408229769956,296.749237876217,49.88382475646153,False
9.910683631896973,1041.6000000000008,569.7999999999976,203.41108512060748,78.76976071438261,297.54838188342376,49.08913516250347,False
9.926973104476929,1040.8000000000009,569.7999999999976,203.86775929466276,79.52630614614228,298.3475304787554,48.29462091860442,False
9.94292163848877,1039.200000000001,569.7999999999976,204.78742817759502,81.04190090161788,299.94584128710324,46.7061542733936,False
9.95879602432251,1036.0000000000011,569.7999999999976,206.65165293103217,84.08247360028761,303.1425163693483,43.531755325126966,False
9.97468090057373,1034.4000000000012,569.7999999999976,207.5959853149739,85.60711827436296,304.7408800824019,41.946014816965125,False
9.990535259246826,1032.0000000000014,569.7999999999976,209.02744869644624,87.89910806138663,307.1384576007719,39.56955666964899,False
10.00713324546814,1031.2000000000014,569.7999999999976,209.50853929715848,88.66437483136153,307.9376584939057,38.77804834828245,False
10.023348569869995,1030.4000000000015,569.7999999999976,209.99157546985674,89.43024952713162,308.73686352626794,37.986895798036706,False
10.039211750030518,1028.8000000000015,569.7999999999976,210.9634310208279,90.96376126228911,310.3352858807609,36.40575077799158,False
10.05510926246643,1026.4000000000017,569.7999999999976,212.43547353897893,93.26821731827665,312.7329496658099,34.03733752391242,False
10.07145643234253,1024.0000000000016,569.7999999999976,213.92431280100183,95.57737630043982,315.1306490182484,31.673679952355126,False
10.087756156921387,1020.8000000000017,569.7999999999976,215.9349590198749,98.66299977940717,318.3276354261046,28.531576829906964,False
10.104234218597412,1020.8000000000017,569.7999999999976,215.9349590198749,98.66299977940717,318.3276354261046,28.531576829906964,False
10.120482921600342,1020.8000000000017,569.7999999999976,215.9349590198749,98.66299977940717,318.3276354261046,28.531576829906964,False
10.13685393333435,1020.8000000000017,569.7999999999976,215.9349590198749,98.66299977940717,318.3276354261046,28.531576829906964,False
10.15322470664978,1020.8000000000017,569.7999999999976,215.9349590198749,98.66299977940717,318.3276354261046,28.531576829906964,False
10.169586181640625,1020.0000000000017,569.7999999999976,216.44209446593004,99.43553535693438,319.12689146686324,27.74811876632451,False
10.18497347831726,1019.2000000000018,569.7999999999976,216.95099443579906,100.20850192458222,319.92615122654666,26.965632084919076,False
10.20083498954773,1018.4000000000018,569.7999999999976,217.46164654155834,100.98188958530062,320.7254146773519,26.18420387196035,False
10.216715097427368,1017.6000000000018,569.7999999999976,217.97403846891766,101.75568873761652,321.5246817917521,25.403931803513203,False
10.232301235198975,1016.8000000000019,569.7999999999976,218.48815797734375,102.52989006487594,322.32395254249343,24.624925781547354,False
10.248567342758179,1016.8000000000019,570.5999999999975,219.10096934919616,102.7335713473791,322.2908353477509,24.452389700149766,False
10.264729499816895,1016.8000000000019,570.5999999999975,219.10096934919616,102.7335713473791,322.2908353477509,24.452389700149766,False
10.280672311782837,1016.8000000000019,570.5999999999975,219.10096934919616,102.7335713473791,322.2908353477509,24.452389700149766,False
10.296568155288696,1016.0000000000019,570.5999999999975,219.61536489881786,103.50664156485747,323.09019163459476,23.669106039670282,False
10.312326908111572,1015.200000000002,570.5999999999975,220.13146578698024,104.28011802009398,323.8895511000738,22.886978817360802,False
10.328300476074219,1014.400000000002,571.3999999999975,221.2589784682933,105.25886901161851,324.6580090798176,21.942958104065237,False
10.344162464141846,1013.6000000000021,571.3999999999975,221.7770260480472,106.03163524087476,325.4574507381864,21.157519444063563,False
10.3595552444458,1012.0000000000022,571.3999999999975,222.8181248069449,107.57836215685575,327.05634224649316,19.590177803283414,False
10.375914573669434,1012.0000000000022,572.1999999999974,223.42478899152604,107.78437887478452,327.0276183599648,19.43881320105558,False
10.391803741455078,1011.2000000000022,572.1999999999974,223.94639998399498,108.55685374803355,327.8271382169556,18.650862643178137,False
10.40765643119812,1011.2000000000022,572.1999999999974,223.94639998399498,108.55685374803355,327.8271382169556,18.650862643178137,False
10.423530101776123,1010.4000000000023,572.1999999999974,224.46965005469005,109.32972451223314,328.62666041093956,17.863983206548944,False
10.438926935195923,1010.4000000000023,572.9999999999974,225.0747062401719,109.53829004960905,328.60002145371584,17.733986813605593,False
10.455269813537598,1008.8000000000023,572.9999999999974,226.12326472273202,111.08228175316698,330.19920178891823,16.15143107106817,False
10.471664905548096,1008.8000000000023,572.9999999999974,226.12326472273202,111.08228175316698,330.19920178891823,16.15143107106817,False
10.487011671066284,1008.0000000000024,572.9999999999974,226.64996046492104,111.8548679572723,330.9987949273635,15.361508529849234,False
10.50290036201477,1008.0000000000024,572.9999999999974,226.64996046492104,111.8548679572723,330.9987949273635,15.361508529849234,False
10.518758535385132,1008.0000000000024,572.9999999999974,226.64996046492104,111.8548679572723,330.9987949273635,15.361508529849234,False
10.534645557403564,1008.0000000000024,572.9999999999974,226.64996046492104,111.8548679572723,330.9987949273635,15.361508529849234,False
10.550029516220093,1007.2000000000024,572.9999999999974,227.17825227920434,112.6278369320288,331.7983900272799,14.572685510289277,False
10.565895557403564,1006.4000000000025,572.9999999999974,227.70812905673205,113.40118085027386,332.59798707452074,13.78515076634852,False
10.581886291503906,1005.6000000000025,572.9999999999974,228.23957975864062,114.17489209316278,333.39758605507507,12.999138445301796,False
10.598004579544067,1005.6000000000025,573.7999999999973,228.83746494362663,114.38021817410933,333.37324810771287,12.869731645275182,False
10.613803386688232,1004.0000000000026,573.7999999999973,229.9022679783577,115.9259705245315,334.97256800601286,11.285585051725276,False
10.629869937896729,1004.0000000000026,573.7999999999973,229.9022679783577,115.9259705245315,334.97256800601286,11.285585051725276,False
10.646262884140015,1004.0000000000026,573.7999999999973,229.9022679783577,115.9259705245315,334.97256800601286,11.285585051725276,False
10.662595272064209,1004.0000000000026,573.7999999999973,229.9022679783577,115.9259705245315,334.97256800601286,11.285585051725276,False
10.67897367477417,1004.0000000000026,573.7999999999973,229.9022679783577,115.9259705245315,334.97256800601286,11.285585051725276,False
10.694833040237427,1003.2000000000027,573.7999999999973,230.43699041489873,116.69939506399933,335.77223038522857,10.49531555642271,False
10.711197137832642,1003.2000000000027,573.7999999999973,230.43699041489873,116.69939506399933,335.77223038522857,10.49531555642271,False
10.727567195892334,1003.2000000000027,573.7999999999973,230.43699041489873,116.69939506399933,335.77223038522857,10.49531555642271,False
10.74393343925476,1003.2000000000027,573.7999999999973,230.43699041489873,116.69939506399933,335.77223038522857,10.49531555642271,False
10.759804725646973,1003.2000000000027,573.7999999999973,230.43699041489873,116.69939506399933,335.77223038522857,10.49531555642271,False
10.775693655014038,1002.4000000000027,573.7999999999973,230.97324581292887,117.473175553197,336.57189436909186,9.706640371315503,False
10.79155445098877,1001.6000000000028,573.7999999999973,231.51102351992486,118.24730500438936,337.37155994619235,8.91998239724806,False
10.80741572380066,1000.8000000000028,573.7999999999973,232.05031295201204,119.02177660852628,338.1712271052275,8.135926784108761,False
10.82329535484314,1000.0000000000028,573.7999999999973,232.5911035938612,119.7965837296656,338.97089583500156,7.355305792796199,False
10.839182138442993,999.2000000000029,573.7999999999973,233.133384998575,120.57171989960011,339.77056612442396,6.579342062448505,False
10.856025218963623,999.2000000000029,573.7999999999973,233.133384998575,120.57171989960011,339.77056612442396,6.579342062448505,False
10.871891021728516,999.2000000000029,573.7999999999973,233.133384998575,120.57171989960011,339.77056612442396,6.579342062448505,False
10.88776707649231,999.2000000000029,573.7999999999973,233.133384998575,120.57171989960011,339.77056612442396,6.579342062448505,False
10.904136419296265,999.2000000000029,573.7999999999973,233.133384998575,120.57171989960011,339.77056612442396,6.579342062448505,False
10.920500040054321,999.2000000000029,573.7999999999973,233.133384998575,120.57171989960011,339.77056612442396,6.579342062448505,False
10.936370372772217,999.2000000000029,573.7999999999973,233.133384998575,120.57171989960011,339.77056612442396,6.579342062448505,False
10.952740907669067,999.2000000000029,573.7999999999973,233.133384998575,120.57171989960011,339.77056612442396,6.579342062448505,False
10.968610286712646,999.2000000000029,573.7999999999973,233.133384998575,120.57171989960011,339.77056612442396,6.579342062448505,False
10.984480619430542,998.4000000000029,573.7999999999973,233.67714678756528,121.34717881267974,340.57023796250854,5.8099019478702765,False
11.000351667404175,998.4000000000029,573.7999999999973,233.67714678756528,121.34717881267974,340.57023796250854,5.8099019478702765,False
11.016224145889282,998.4000000000029,573.7999999999973,233.67714678756528,121.34717881267974,340.57023796250854,5.8099019478702765,False
11.03259015083313,998.4000000000029,573.7999999999973,233.67714678756528,121.34717881267974,340.57023796250854,5.8099019478702765,False
11.04866909980774,998.4000000000029,573.7999999999973,233.67714678756528,121.34717881267974,340.57023796250854,5.8099019478702765,False
11.064831495285034,998.4000000000029,573.7999999999973,233.67714678756528,121.34717881267974,340.57023796250854,5.8099019478702765,False
11.081194162368774,998.4000000000029,573.7999999999973,233.67714678756528,121.34717881267974,340.57023796250854,5.8099019478702765,False
11.097651958465576,998.4000000000029,573.7999999999973,233.67714678756528,121.34717881267974,340.57023796250854,5.8099019478702765,False
11.113697528839111,997.600000000003,573.7999999999973,234.22237865042027,122.12295432082094,341.36991133837176,5.049968248714973,False
11.129810094833374,997.600000000003,573.7999999999973,234.22237865042027,122.12295432082094,341.36991133837176,5.049968248714973,False
11.146199941635132,997.600000000003,573.7999999999973,234.22237865042027,122.12295432082094,341.36991133837176,5.049968248714973,False
11.162048578262329,997.600000000003,573.7999999999973,234.22237865042027,122.12295432082094,341.36991133837176,5.049968248714973,False
11.17743730545044,996.800000000003,573.7999999999973,234.76907034476324,122.89904042869563,342.16958624123197,4.304578722963695,False
11.193786859512329,996.800000000003,573.7999999999973,234.76907034476324,122.89904042869563,342.16958624123197,4.304578722963695,False
11.209682941436768,996.0000000000031,573.7999999999973,235.31721169610162,123.67543128909237,342.9692626604081,3.5828224420635193,False
11.226041078567505,996.0000000000031,573.7999999999973,235.31721169610162,123.67543128909237,342.9692626604081,3.5828224420635193,False
11.241921424865723,996.0000000000031,573.7999999999973,235.31721169610162,123.67543128909237,342.9692626604081,3.5828224420635193,False
11.25827145576477,996.0000000000031,573.7999999999973,235.31721169610162,123.67543128909237,342.9692626604081,3.5828224420635193,False
11.274184703826904,996.0000000000031,573.7999999999973,235.31721169610162,123.67543128909237,342.9692626604081,3.5828224420635193,False
11.290522575378418,996.0000000000031,573.7999999999973,235.31721169610162,123.67543128909237,342.9692626604081,3.5828224420635193,False
11.30687165260315,996.0000000000031,573.7999999999973,235.31721169610162,123.67543128909237,342.9692626604081,3.5828224420635193,False
11.322744131088257,996.0000000000031,573.7999999999973,235.31721169610162,123.67543128909237,342.9692626604081,3.5828224420635193,False
11.339112758636475,996.0000000000031,573.7999999999973,235.31721169610162,123.67543128909237,342.9692626604081,3.5828224420635193,False
11.355483293533325,996.0000000000031,573.7999999999973,235.31721169610162,123.67543128909237,342.9692626604081,3.5828224420635193,False
11.37137246131897,996.0000000000031,573.7999999999973,235.31721169610162,123.67543128909237,342.9692626604081,3.5828224420635193,False
11.38169813156128,996.0000000000031,573.7999999999973,235.31721169610162,123.67543128909237,342.9692626604081,3.5828224420635193,True
