time,time,ins_x,ins_y,d1,d2,d3,d4,click
0,0.021390199661254883,1216.0,445.0,153.82411637945148,254.01528661044566,87.46892845100203,301.47616347825556,False
1,0.03753304481506348,1216.0,445.0,153.82411637945148,254.01528661044566,87.46892845100203,301.47616347825556,False
2,0.05478978157043457,1216.0,445.0,153.82411637945148,254.01528661044566,87.46892845100203,301.47616347825556,False
3,0.07404327392578125,1216.0,445.0,153.82411637945148,254.01528661044566,87.46892845100203,301.47616347825556,False
4,0.09090089797973633,1216.0,445.0,153.82411637945148,254.01528661044566,87.46892845100203,301.47616347825556,False
5,0.1071624755859375,1216.0,445.0,153.82411637945148,254.01528661044566,87.46892845100203,301.47616347825556,False
6,0.12365102767944336,1216.0,445.0,153.82411637945148,254.01528661044566,87.46892845100203,301.47616347825556,False
7,0.14006900787353516,1216.0,445.0,153.82411637945148,254.01528661044566,87.46892845100203,301.47616347825556,False
8,0.1563124656677246,1216.0,445.0,153.82411637945148,254.01528661044566,87.46892845100203,301.47616347825556,False
9,0.1726820468902588,1216.0,445.0,153.82411637945148,254.01528661044566,87.46892845100203,301.47616347825556,False
10,0.18901515007019043,1216.0,445.0,153.82411637945148,254.01528661044566,87.46892845100203,301.47616347825556,False
11,0.2058544158935547,1216.0,445.0,153.82411637945148,254.01528661044566,87.46892845100203,301.47616347825556,False
12,0.22029757499694824,1216.0,445.0,153.82411637945148,254.01528661044566,87.46892845100203,301.47616347825556,False
13,0.2361156940460205,1216.0,445.0,153.82411637945148,254.01528661044566,87.46892845100203,301.47616347825556,False
14,0.2515742778778076,1216.0,445.0,153.82411637945148,254.01528661044566,87.46892845100203,301.47616347825556,False
15,0.26785826683044434,1216.0,445.0,153.82411637945148,254.01528661044566,87.46892845100203,301.47616347825556,False
16,0.2842249870300293,1216.0,445.0,153.82411637945148,254.01528661044566,87.46892845100203,301.47616347825556,False
17,0.2988142967224121,1216.0,445.0,153.82411637945148,254.01528661044566,87.46892845100203,301.47616347825556,False
18,0.3145003318786621,1216.0,445.0,153.82411637945148,254.01528661044566,87.46892845100203,301.47616347825556,False
19,0.33085107803344727,1216.0,445.0,153.82411637945148,254.01528661044566,87.46892845100203,301.47616347825556,False
20,0.34676384925842285,1216.0,445.0,153.82411637945148,254.01528661044566,87.46892845100203,301.47616347825556,False
21,0.36266088485717773,1216.0,445.0,153.82411637945148,254.01528661044566,87.46892845100203,301.47616347825556,False
22,0.3790006637573242,1216.0,445.0,153.82411637945148,254.01528661044566,87.46892845100203,301.47616347825556,False
23,0.39451146125793457,1216.0,445.0,153.82411637945148,254.01528661044566,87.46892845100203,301.47616347825556,False
24,0.4092137813568115,1216.0,445.0,153.82411637945148,254.01528661044566,87.46892845100203,301.47616347825556,False
25,0.42468905448913574,1216.0,445.0,153.82411637945148,254.01528661044566,87.46892845100203,301.47616347825556,False
26,0.4408152103424072,1216.0,445.0,153.82411637945148,254.01528661044566,87.46892845100203,301.47616347825556,False
27,0.4567298889160156,1216.0,445.0,153.82411637945148,254.01528661044566,87.46892845100203,301.47616347825556,False
28,0.4717223644256592,1216.0,445.0,153.82411637945148,254.01528661044566,87.46892845100203,301.47616347825556,False
29,0.4880869388580322,1216.0,445.0,153.82411637945148,254.01528661044566,87.46892845100203,301.47616347825556,False
30,0.5045802593231201,1216.0,445.0,153.82411637945148,254.01528661044566,87.46892845100203,301.47616347825556,False
31,0.5209462642669678,1216.0,445.0,153.82411637945148,254.01528661044566,87.46892845100203,301.47616347825556,False
32,0.5373170375823975,1216.0,445.0,153.82411637945148,254.01528661044566,87.46892845100203,301.47616347825556,False
33,0.5543107986450195,1216.0,445.0,153.82411637945148,254.01528661044566,87.46892845100203,301.47616347825556,False
34,0.5699505805969238,1216.0,445.0,153.82411637945148,254.01528661044566,87.46892845100203,301.47616347825556,False
35,0.5858035087585449,1216.0,445.0,153.82411637945148,254.01528661044566,87.46892845100203,301.47616347825556,False
36,0.6016628742218018,1216.0,445.0,153.82411637945148,254.01528661044566,87.46892845100203,301.47616347825556,False
37,0.6174483299255371,1216.0,445.0,153.82411637945148,254.01528661044566,87.46892845100203,301.47616347825556,False
38,0.6334853172302246,1216.0,445.0,153.82411637945148,254.01528661044566,87.46892845100203,301.47616347825556,False
39,0.648353099822998,1216.0,445.0,153.82411637945148,254.01528661044566,87.46892845100203,301.47616347825556,False
40,0.6635992527008057,1216.0,445.0,153.82411637945148,254.01528661044566,87.46892845100203,301.47616347825556,False
41,0.6790485382080078,1216.0,445.0,153.82411637945148,254.01528661044566,87.46892845100203,301.47616347825556,False
42,0.6949238777160645,1216.0,445.0,153.82411637945148,254.01528661044566,87.46892845100203,301.47616347825556,False
43,0.7108719348907471,1216.0,445.0,153.82411637945148,254.01528661044566,87.46892845100203,301.47616347825556,False
44,0.726165771484375,1216.0,445.0,153.82411637945148,254.01528661044566,87.46892845100203,301.47616347825556,False
45,0.7418045997619629,1216.0,445.0,153.82411637945148,254.01528661044566,87.46892845100203,301.47616347825556,False
46,0.7567086219787598,1216.0,445.0,153.82411637945148,254.01528661044566,87.46892845100203,301.47616347825556,False
47,0.7717671394348145,1216.0,445.0,153.82411637945148,254.01528661044566,87.46892845100203,301.47616347825556,False
48,0.7876632213592529,1216.0,445.0,153.82411637945148,254.01528661044566,87.46892845100203,301.47616347825556,False
49,0.8035666942596436,1216.0,445.0,153.82411637945148,254.01528661044566,87.46892845100203,301.47616347825556,False
50,0.8205523490905762,1216.0,445.0,153.82411637945148,254.01528661044566,87.46892845100203,301.47616347825556,False
51,0.836855411529541,1216.0,445.0,153.82411637945148,254.01528661044566,87.46892845100203,301.47616347825556,False
52,0.8532483577728271,1216.0,445.0,153.82411637945148,254.01528661044566,87.46892845100203,301.47616347825556,False
53,0.8700969219207764,1216.0,445.0,153.82411637945148,254.01528661044566,87.46892845100203,301.47616347825556,False
54,0.8856682777404785,1216.0,445.0,153.82411637945148,254.01528661044566,87.46892845100203,301.47616347825556,False
55,0.9008071422576904,1216.0,445.0,153.82411637945148,254.01528661044566,87.46892845100203,301.47616347825556,False
56,0.915672779083252,1216.0,445.0,153.82411637945148,254.01528661044566,87.46892845100203,301.47616347825556,False
57,0.9310135841369629,1216.0,445.0,153.82411637945148,254.01528661044566,87.46892845100203,301.47616347825556,False
58,0.9459052085876465,1216.0,445.0,153.82411637945148,254.01528661044566,87.46892845100203,301.47616347825556,False
59,0.9612269401550293,1216.0,445.0,153.82411637945148,254.01528661044566,87.46892845100203,301.47616347825556,False
60,0.9777064323425293,1216.0,445.0,153.82411637945148,254.01528661044566,87.46892845100203,301.47616347825556,False
61,0.9942202568054199,1217.0,446.0,152.70506715613914,255.3753999955567,86.05526043025158,300.3984281127617,False
62,1.0102620124816895,1217.0,446.0,152.70506715613914,255.3753999955567,86.05526043025158,300.3984281127617,False
63,1.0261013507843018,1218.0,447.0,151.59095055577325,256.7360979955766,84.64161063608333,299.3234940322397,False
64,1.0425190925598145,1220.0,448.0,149.48831367527256,258.9697674640884,82.50355244156175,297.2540959296276,False
65,1.0573148727416992,1221.0,449.0,148.3837412950577,260.3308847438347,81.08964526269332,296.1846316303235,False
66,1.073331594467163,1221.0,449.0,148.3837412950577,260.3308847438347,81.08964526269332,296.1846316303235,False
67,1.0897138118743896,1222.0,449.0,147.38960465565566,261.2034779761053,80.37082853800082,295.18712880851075,False
68,1.105936050415039,1222.0,449.0,147.38960465565566,261.2034779761053,80.37082853800082,295.18712880851075,False
69,1.1226551532745361,1222.0,449.0,147.38960465565566,261.2034779761053,80.37082853800082,295.18712880851075,False
70,1.1391277313232422,1225.0,450.0,144.30036755135492,264.3109167411165,77.5373684448164,292.1249552532379,False
71,1.1545555591583252,1229.0,451.0,140.21931917604525,268.295269927651,74.0442870305669,288.0670806416833,False
72,1.1703824996948242,1232.0,452.0,137.13627523416005,271.4062557629555,71.28204449458126,285.00910760345187,False
73,1.1859116554260254,1233.0,452.0,136.14080528971158,272.2837546064267,70.61918562531537,284.01108502510584,False
74,1.2011501789093018,1235.0,452.0,134.15006755344885,274.0412701276666,69.31773510793121,282.0150818973724,False
75,1.2160124778747559,1236.0,452.0,133.15480278392798,274.92127070943553,68.67960331531194,281.0171016465075,False
76,1.2313940525054932,1240.0,452.0,129.17447512474826,278.4493751289715,66.21665920121424,277.0253263127599,False
77,1.2477529048919678,1243.0,452.0,126.1900458168147,281.1037469967852,64.47064827451022,274.03165222170367,False
78,1.2637052536010742,1244.0,452.0,125.19540144542712,281.9900777171754,63.90934204004054,273.03379171739647,False
79,1.278925895690918,1246.0,452.0,123.20637281709654,283.7650060200351,62.819447801628,271.03811802036705,False
80,1.2945263385772705,1247.0,452.0,122.21199279357671,284.65358946771875,62.2914322612408,270.0403051772907,False
81,1.3101956844329834,1248.0,452.0,121.21770523487528,285.5429098264612,61.77509242576686,269.04250857525506,False
82,1.3261265754699707,1250.0,452.0,119.22941676479357,287.32373390093363,60.77862343227765,267.04696482250074,False
83,1.3417913913726807,1253.0,452.0,116.24773744709367,290.0003278079052,59.378949127518815,264.05377562454134,False
84,1.3578400611877441,1255.0,452.0,114.26048407578251,291.7882191578413,58.51272187822951,262.0584026930245,False
85,1.3737986087799072,1258.0,452.0,111.28046037255481,294.4751719673874,57.319779786430594,259.0654770954344,False
86,1.3896050453186035,1261.0,452.0,108.30153969461067,297.1681156704742,56.261671570712814,256.072717061679,False
87,1.405327558517456,1263.0,452.0,106.31625115610058,298.966659816362,55.63501334628515,254.07763857489402,False
88,1.4213590621948242,1265.0,452.0,104.33152457215787,300.7677482582936,55.073893381092084,252.0826380856846,False
89,1.4371058940887451,1266.0,452.0,103.33938213180224,301.66923235171043,54.81854835005378,251.08516767117118,False
90,1.453432559967041,1268.0,452.0,101.35556057289789,303.47405236408963,54.359472636494154,249.09028769685884,False
91,1.4694914817810059,1270.0,452.0,99.37238760697107,305.281304977711,53.97065209378453,247.09549049982212,False
92,1.485799789428711,1272.0,452.0,97.38990285637328,307.0909472444705,53.653614133056315,245.10077810115467,False
93,1.5017480850219727,1273.0,452.0,96.39893183124846,307.9966513370107,53.52242353064916,244.10345435084147,False
94,1.5182487964630127,1276.0,452.0,93.42717322974767,310.7172336719193,53.239725335129634,241.11161611726425,False
95,1.534064531326294,1279.0,452.0,90.45727907248187,313.4429156427818,53.12520011186689,238.11998325916423,False
96,1.5504200458526611,1282.0,453.0,87.34655031598284,316.58721573740735,52.18103402950525,235.05462108803263,False
97,1.56666898727417,1283.0,453.0,86.35612735605034,317.4973267976751,52.23791557330433,234.05721500321343,False
98,1.5821952819824219,1284.0,453.0,85.36592769815277,318.4079770969561,52.31385413539091,233.05983114917586,False
99,1.5974247455596924,1287.0,454.0,82.25717067023336,321.5534849456485,51.6653922849855,229.99659424168937,False
100,1.6133136749267578,1289.0,454.0,80.27554974172165,323.37720759401606,51.9922280929757,228.00141087988922,False
101,1.6292178630828857,1291.0,455.0,78.16075435542712,325.6113247995424,51.41814559549195,225.93823676060705,False
102,1.6450531482696533,1293.0,455.0,76.17759041262164,327.4368787237092,51.90091250247707,223.94261950539004,False
103,1.6609265804290771,1295.0,455.0,74.19533031624613,329.26445945309223,52.45554061012385,221.94708115084475,False
104,1.675795078277588,1297.0,456.0,72.08249909520801,331.49811568898355,52.13652898983158,219.88622125693033,False
105,1.6916611194610596,1300.0,457.0,68.98396328652274,334.64608843831184,52.29522999825158,216.8305761790658,False
106,1.7075810432434082,1301.0,457.0,67.9907940132205,335.5608616367058,52.69469225287608,215.83235106528292,False
107,1.7234058380126953,1303.0,457.0,66.0050742762396,337.3918590792913,53.54072855066403,213.8359505948691,False
108,1.739800214767456,1303.0,457.0,66.0050742762396,337.3918590792913,53.54072855066403,213.8359505948691,False
109,1.755662441253662,1304.0,458.0,64.89721554468908,338.7094561184912,53.09711872679911,212.77958603649336,False
110,1.7715330123901367,1307.0,459.0,61.8105905194206,341.85830319856177,53.6831206483964,209.73006627890865,False
111,1.7877638339996338,1308.0,459.0,60.81537618227278,342.7742505222727,54.201632388753474,208.73142001523703,False
112,1.8037645816802979,1309.0,460.0,59.72845833799227,344.0915807052092,53.89351869155957,207.68279699731383,False
113,1.8197062015533447,1312.0,461.0,56.66029694891241,347.240579013924,54.78215751884881,204.6403983482279,False
114,1.8359997272491455,1317.0,461.0,51.673916529504986,351.8258894545072,57.88594248776116,199.6452294376974,False
115,1.8516881465911865,1320.0,462.0,48.611666957674906,354.97670387248064,59.138445728298244,196.60561056268145,False
116,1.8675386905670166,1323.0,462.0,45.61772466815385,357.73415039396053,61.230501356143854,193.60806053827,False
117,1.8836281299591064,1325.0,462.0,43.62222556866188,359.57460570610476,62.66620555319514,191.60973645886108,False
118,1.8994779586791992,1328.0,462.0,40.629806830193125,362.33845936447136,64.87581869696261,188.61231695332054,False
119,1.9153542518615723,1331.0,463.0,37.572353106565764,365.49167286866384,66.50898643840279,185.57519924277,False
120,1.9312222003936768,1332.0,463.0,36.57379660079502,366.41404215946795,67.28584389096218,184.57589109690267,False
121,1.9476091861724854,1334.0,464.0,34.53378393501234,368.64504165667284,68.24967913863134,182.54233219033804,False
122,1.9634590148925781,1340.0,464.0,28.5367747277315,374.1867058967835,73.12766760165297,176.54555514885965,False
123,1.9793508052825928,1344.0,465.0,24.51956171302441,378.2668132772259,75.93529288397862,172.5166267654653,False
124,1.9963171482086182,1347.0,465.0,21.519561940113974,381.04467466797854,78.49832634229517,169.51785012558565,False
125,2.0120933055877686,1348.0,465.0,20.51956203056647,381.9713751685217,79.35947800733544,168.51826758966638,False
126,2.027967691421509,1349.0,465.0,19.519562130286843,382.8984445038104,80.22385094628682,167.51869003679647,False
127,2.0438132286071777,1350.0,465.0,18.519562240776413,383.82588000126253,81.09134215011693,166.51911755671233,False
128,2.0597176551818848,1351.0,465.0,17.51956236387926,384.75367901301416,81.96185260694524,165.5195502413176,False
129,2.076117515563965,1352.0,465.0,16.51956250188599,385.6818389156476,82.83528712944684,164.519988184749,False
130,2.0925769805908203,1353.0,465.0,15.519562657677596,386.6103571099221,83.71155418980815,163.5204314834444,False
131,2.108909845352173,1354.0,465.0,14.519562834928745,387.539231020509,84.59056576195997,162.5208802362137,False
132,2.125230312347412,1354.0,465.0,14.519562834928745,387.539231020509,84.59056576195997,162.5208802362137,False
133,2.1451380252838135,1355.0,465.0,13.519563038401325,388.46845809572943,85.4722371708133,161.52133454431217,False
134,2.1605417728424072,1356.0,465.0,12.51956327437864,389.3980358072951,86.35648694822552,160.5217945115164,False
135,2.1767468452453613,1357.0,465.0,11.519563551325787,390.3279616500532,87.24323669542719,159.52226024420347,False
136,2.1926310062408447,1358.0,465.0,10.51956388092666,391.2582331417339,88.1324109516449,158.5227318514328,False
137,2.2089736461639404,1358.0,465.0,10.51956388092666,391.2582331417339,88.1324109516449,158.5227318514328,False
138,2.225341796875,1359.0,465.0,9.51956427977457,392.1888478227006,89.02393706866094,157.52320944503117,False
139,2.241215467453003,1359.0,465.0,9.51956427977457,392.1888478227006,89.02393706866094,157.52320944503117,False
140,2.2576730251312256,1359.0,465.0,9.51956427977457,392.1888478227006,89.02393706866094,157.52320944503117,False
141,2.2745423316955566,1360.0,465.0,8.519564772253515,393.11980325570397,89.91774509105636,156.52369313968106,False
142,2.2899820804595947,1362.0,465.0,6.519566210442948,394.9827267393036,91.71193981358567,154.52467930569802,False
143,2.3070228099823,1362.0,465.0,6.519566210442948,394.9827267393036,91.71193981358567,154.52467930569802,False
144,2.3241167068481445,1362.0,465.0,6.519566210442948,394.9827267393036,91.71193981358567,154.52467930569802,False
145,2.3409931659698486,1362.0,465.0,6.519566210442948,394.9827267393036,91.71193981358567,154.52467930569802,False
146,2.358027696609497,1362.0,465.0,6.519566210442948,394.9827267393036,91.71193981358567,154.52467930569802,False
147,2.3742473125457764,1363.0,465.0,5.51956732038052,395.91469002516357,92.61219906376292,153.5251820215521,False
148,2.3909106254577637,1363.0,465.0,5.51956732038052,395.91469002516357,92.61219906376292,153.5251820215521,False
149,2.40898060798645,1364.0,465.0,4.519568921487508,396.84698453311614,93.5144851158436,152.52569132763367,False
150,2.425797700881958,1364.0,465.0,4.519568921487508,396.84698453311614,93.5144851158436,152.52569132763367,False
151,2.4426865577697754,1364.0,465.0,4.519568921487508,396.84698453311614,93.5144851158436,152.52569132763367,False
152,2.459515333175659,1364.0,465.0,4.519568921487508,396.84698453311614,93.5144851158436,152.52569132763367,False
153,2.4766311645507812,1364.0,465.0,4.519568921487508,396.84698453311614,93.5144851158436,152.52569132763367,False
154,2.493255615234375,1364.0,465.0,4.519568921487508,396.84698453311614,93.5144851158436,152.52569132763367,False
155,2.5112533569335938,1364.0,465.0,4.519568921487508,396.84698453311614,93.5144851158436,152.52569132763367,False
156,2.5281553268432617,1364.0,465.0,4.519568921487508,396.84698453311614,93.5144851158436,152.52569132763367,False
157,2.544419050216675,1364.0,465.0,4.519568921487508,396.84698453311614,93.5144851158436,152.52569132763367,False
158,2.5607259273529053,1364.0,465.0,4.519568921487508,396.84698453311614,93.5144851158436,152.52569132763367,False
159,2.577597141265869,1364.0,465.0,4.519568921487508,396.84698453311614,93.5144851158436,152.52569132763367,False
160,2.5943610668182373,1364.0,465.0,4.519568921487508,396.84698453311614,93.5144851158436,152.52569132763367,False
161,2.610234022140503,1364.0,465.0,4.519568921487508,396.84698453311614,93.5144851158436,152.52569132763367,False
162,2.627183437347412,1364.0,465.0,4.519568921487508,396.84698453311614,93.5144851158436,152.52569132763367,False
163,2.644622325897217,1364.0,465.0,4.519568921487508,396.84698453311614,93.5144851158436,152.52569132763367,False
164,2.6614575386047363,1364.0,465.0,4.519568921487508,396.84698453311614,93.5144851158436,152.52569132763367,False
165,2.678312301635742,1364.0,465.0,4.519568921487508,396.84698453311614,93.5144851158436,152.52569132763367,False
166,2.6955325603485107,1364.0,465.0,4.519568921487508,396.84698453311614,93.5144851158436,152.52569132763367,False
167,2.695943593978882,1364.0,465.0,4.519568921487508,396.84698453311614,93.5144851158436,152.52569132763367,True
168,2.712003707885742,1364.0,465.0,4.519568921487508,396.84698453311614,93.5144851158436,152.52569132763367,False
169,2.7284109592437744,1364.0,465.0,4.519568921487508,396.84698453311614,93.5144851158436,152.52569132763367,False
170,2.745246410369873,1364.0,465.0,4.519568921487508,396.84698453311614,93.5144851158436,152.52569132763367,False
171,2.761650800704956,1364.0,465.0,4.519568921487508,396.84698453311614,93.5144851158436,152.52569132763367,False
172,2.778501510620117,1364.0,465.0,4.519568921487508,396.84698453311614,93.5144851158436,152.52569132763367,False
173,2.795389413833618,1364.0,465.0,4.519568921487508,396.84698453311614,93.5144851158436,152.52569132763367,False
174,2.8122358322143555,1364.0,465.0,4.519568921487508,396.84698453311614,93.5144851158436,152.52569132763367,False
175,2.8286545276641846,1364.0,465.0,4.519568921487508,396.84698453311614,93.5144851158436,152.52569132763367,False
176,2.845461368560791,1364.0,465.0,4.519568921487508,396.84698453311614,93.5144851158436,152.52569132763367,False
177,2.8623709678649902,1364.0,465.0,4.519568921487508,396.84698453311614,93.5144851158436,152.52569132763367,False
178,2.879218816757202,1364.0,465.0,4.519568921487508,396.84698453311614,93.5144851158436,152.52569132763367,False
179,2.8960182666778564,1364.0,465.0,4.519568921487508,396.84698453311614,93.5144851158436,152.52569132763367,False
180,2.91290545463562,1364.0,465.0,4.519568921487508,396.84698453311614,93.5144851158436,152.52569132763367,False
181,2.9302291870117188,1364.0,465.0,4.519568921487508,396.84698453311614,93.5144851158436,152.52569132763367,False
182,2.947106122970581,1364.0,465.0,4.519568921487508,396.84698453311614,93.5144851158436,152.52569132763367,False
183,2.9646806716918945,1364.0,465.0,4.519568921487508,396.84698453311614,93.5144851158436,152.52569132763367,False
184,2.9813177585601807,1364.0,465.0,4.519568921487508,396.84698453311614,93.5144851158436,152.52569132763367,False
185,2.99770450592041,1364.0,465.0,4.519568921487508,396.84698453311614,93.5144851158436,152.52569132763367,False
186,3.0145366191864014,1364.0,465.0,4.519568921487508,396.84698453311614,93.5144851158436,152.52569132763367,False
187,3.0329041481018066,1364.0,465.0,4.519568921487508,396.84698453311614,93.5144851158436,152.52569132763367,False
188,3.0518460273742676,1364.0,465.0,4.519568921487508,396.84698453311614,93.5144851158436,152.52569132763367,False
189,3.0684919357299805,1364.0,465.0,4.519568921487508,396.84698453311614,93.5144851158436,152.52569132763367,False
190,3.085611343383789,1364.0,465.0,4.519568921487508,396.84698453311614,93.5144851158436,152.52569132763367,False
191,3.1023592948913574,1364.0,465.0,4.519568921487508,396.84698453311614,93.5144851158436,152.52569132763367,False
192,3.1187586784362793,1364.0,465.0,4.519568921487508,396.84698453311614,93.5144851158436,152.52569132763367,False
193,3.135115623474121,1364.0,465.0,4.519568921487508,396.84698453311614,93.5144851158436,152.52569132763367,False
194,3.1514039039611816,1364.0,465.0,4.519568921487508,396.84698453311614,93.5144851158436,152.52569132763367,False
195,3.1678555011749268,1364.0,465.0,4.519568921487508,396.84698453311614,93.5144851158436,152.52569132763367,False
196,3.1840434074401855,1364.0,465.0,4.519568921487508,396.84698453311614,93.5144851158436,152.52569132763367,False
197,3.2032010555267334,1364.0,465.0,4.519568921487508,396.84698453311614,93.5144851158436,152.52569132763367,False
198,3.219369649887085,1364.0,465.0,4.519568921487508,396.84698453311614,93.5144851158436,152.52569132763367,False
199,3.235481023788452,1364.0,465.0,4.519568921487508,396.84698453311614,93.5144851158436,152.52569132763367,False
200,3.2514472007751465,1364.0,465.0,4.519568921487508,396.84698453311614,93.5144851158436,152.52569132763367,False
201,3.2669267654418945,1363.0,465.0,5.51956732038052,395.91469002516357,92.61219906376292,153.5251820215521,False
202,3.282621383666992,1362.0,465.0,6.519566210442948,394.9827267393036,91.71193981358567,154.52467930569802,False
203,3.2986702919006348,1359.0,465.0,9.51956427977457,392.1888478227006,89.02393706866094,157.52320944503117,False
204,3.313554286956787,1355.0,465.0,13.519563038401325,388.46845809572943,85.4722371708133,161.52133454431217,False
205,3.3294668197631836,1354.0,465.0,14.519562834928745,387.539231020509,84.59056576195997,162.5208802362137,False
206,3.3502678871154785,1352.0,465.0,16.51956250188599,385.6818389156476,82.83528712944684,164.519988184749,False
207,3.365628480911255,1349.0,464.0,19.54470338347614,382.52513259606854,80.72862793554353,167.55082227436552,False
208,3.38150691986084,1346.0,463.0,22.607408419418835,379.36851907600885,78.69268036414147,170.58642846757206,False
209,3.3968849182128906,1342.0,461.0,26.818196160346577,374.9115100568462,76.48052114152036,174.67353160332559,False
210,3.412790298461914,1340.0,460.0,28.952996567212814,372.6831414575859,75.44956063272565,176.7240763888892,False
211,3.428480625152588,1333.0,456.0,36.63984647563001,364.7000760849415,72.60881525750054,183.97209110797112,False
212,3.445110559463501,1329.0,455.0,40.762936045140556,360.61344170640734,70.42391011993068,188.0374346743855,False
213,3.4619741439819336,1324.0,454.0,45.85623927505219,355.59931921618295,67.75746947021428,193.10183419891715,False
214,3.477847099304199,1319.0,453.0,50.95068601973342,350.58764569603005,65.38059514438488,198.1680092826498,False
215,3.4941303730010986,1314.0,452.0,56.04596445161844,345.5785276928494,63.32590128739511,203.23582714450393,False
216,3.5101094245910645,1308.0,450.0,62.348609459239505,339.2676100056209,62.040494218985266,209.39365916885546,False
217,3.525358200073242,1302.0,448.0,68.6552843682805,332.95720985660404,61.38302755657282,215.56114576874685,False
218,3.540750503540039,1299.0,447.0,71.80980125848983,329.8022131426334,61.29684042875698,218.64825427531088,False
219,3.5566813945770264,1290.0,444.0,81.27697098235666,320.3380845117107,62.01275973669489,227.9219464973902,False
220,3.5733726024627686,1282.0,441.0,89.78421546787467,311.79891651317644,64.17009899344775,236.21996802323736,False
221,3.5896430015563965,1278.0,440.0,93.90603789131042,307.72142138916666,65.1405301506759,240.31275418750343,False
222,3.6075994968414307,1268.0,437.0,104.3440536297848,297.3388209119624,69.09145302328199,250.6141844000051,False
223,3.6244802474975586,1258.0,433.0,115.0565131921549,286.5702949104551,75.26761721437063,261.0660559187038,False
224,3.6407761573791504,1252.0,431.0,121.37627526879051,280.265100077826,79.07001549389032,267.29083152618597,False
225,3.656634569168091,1248.0,430.0,125.4963696821055,276.1927500218138,81.47118762904029,271.3940587968795,False
226,3.671494722366333,1243.0,427.0,131.14297837855514,270.4177752676199,86.24147599339881,276.7896489189034,False
227,3.6869893074035645,1238.0,425.0,136.50875659831766,265.0336826378179,90.24624558202021,282.0416951691431,False
228,3.70318865776062,1232.0,423.0,142.83150772223692,258.72928966224947,94.88539397992368,288.2853115906115,False
229,3.7191035747528076,1229.0,423.0,145.7016024575977,255.97184076224914,96.42312719238824,291.24578259303655,False
230,3.734959602355957,1222.0,420.0,153.2715797976213,248.356088245646,102.74034360115117,298.643048598477,False
231,3.750088691711426,1215.0,418.0,160.55035117998162,241.13824169953162,108.41813428251913,305.8798269598414,False
232,3.765216112136841,1208.0,415.0,168.1238694503615,233.5226218493759,115.05933507119478,313.2922487693312,False
233,3.78108549118042,1202.0,413.0,174.44722539825872,227.22413452794845,120.40558017010885,319.5511480247828,False
234,3.7974069118499756,1199.0,412.0,177.60893540091172,224.07544155988964,123.11348549463631,322.6815577879571,False
235,3.813356637954712,1187.0,407.0,190.5579019595161,211.07829487561952,134.8698695650421,335.3952301385019,False
236,3.828756332397461,1179.0,403.0,199.40049011704406,202.14445523427088,143.30159126423783,344.0118988212042,False
237,3.8446238040924072,1175.0,401.0,203.8251117717584,197.6778892267436,147.5400902468488,348.32642678388095,False
238,3.860041379928589,1160.0,396.0,219.63645784395982,181.93825568187202,161.8493469333005,364.0241163145056,False
239,3.876455783843994,1152.0,393.0,228.17412857148472,173.41166290281956,169.80998303222256,372.4688132666905,False
240,3.892324209213257,1145.0,389.0,236.08395813543353,165.38750376128257,177.7155991769721,380.15174337023694,False
241,3.9081175327301025,1136.0,385.0,245.89411515684168,155.5386551936316,187.16398965117764,389.80183313848124,False
242,3.923963785171509,1132.0,382.0,250.6571736918943,150.66751020318299,192.15706154350696,394.364487139433,False
243,3.940463066101074,1118.0,375.0,266.19248914590344,135.0380816879382,207.42203089398373,409.5891166105902,False
244,3.9562106132507324,1110.0,371.0,275.075776355165,126.1095465074687,216.16975561478517,418.3030845890997,False
245,3.9720757007598877,1107.0,370.0,278.23691743277186,122.95777290844087,219.1455904577901,421.4545314850245,False
246,3.9874517917633057,1101.0,366.0,285.2471655281778,115.87546264665713,226.33632757817568,428.23866971656946,False
247,4.003711938858032,1098.0,365.0,288.4077754273522,112.72142228459121,229.3197761993343,431.3917126847979,False
248,4.019469261169434,1096.0,363.0,290.9795309235173,110.11112959030835,232.12533457037588,433.82039237341394,False
249,4.035163640975952,1091.0,361.0,296.36337031841623,104.72602642862121,237.30774030684137,439.15958478013073,False
250,4.052012205123901,1089.0,360.0,298.58718597993607,102.49694710145545,239.5043417041371,441.3453267419797,False
251,4.068392515182495,1078.0,356.0,310.29126067555654,90.80031009617619,250.70296269557213,452.9962566812566,False
252,4.084858655929565,1073.0,354.0,315.6751911405879,85.41531516909802,255.91554889155867,458.3389756855345,False
253,4.101143836975098,1071.0,353.0,317.89917688879433,83.185693595874,258.12038712596984,460.52706018777326,False
254,4.116422653198242,1064.0,351.0,325.1555393299179,75.95238416461498,264.96612592571205,467.8054843949386,False
255,4.131782054901123,1060.0,350.0,329.2525829241014,71.8795763987767,268.8057569167047,471.9282972679932,False
256,4.1483354568481445,1058.0,348.0,331.82722289123353,69.26048888839955,271.5937152160534,474.37289217256824,False
257,4.164654731750488,1055.0,347.0,334.9871718988695,66.10606265195669,274.6207798390286,477.52915341439945,False
258,4.181471824645996,1053.0,347.0,336.85973872984437,64.2638063666669,276.258382130363,479.4620760396272,False
259,4.1973090171813965,1049.0,346.0,340.95692130003977,60.19755519712388,280.114585055416,483.58476908657235,False
260,4.214223861694336,1048.0,345.0,342.24354402553683,58.88052785604972,281.5057483559012,484.80809649330666,False
261,4.2313292026519775,1046.0,345.0,344.117308003384,57.050344871832976,283.1529751482498,486.7408760572915,False
262,4.2488415241241455,1043.0,344.0,347.2777291341761,53.90489818448212,286.19404939628447,489.897062613694,False
263,4.264759540557861,1040.0,343.0,350.43818376096596,50.76154298840498,289.2377231351063,493.0533272274224,False
264,4.280724048614502,1039.0,343.0,351.37580986438536,49.856262307334106,290.06640786779354,494.01971467726855,False
265,4.297204256057739,1038.0,343.0,352.3137790067553,48.95466817323676,290.8961695558569,494.9862356566978,False
266,4.31404447555542,1037.0,343.0,353.2520884555234,48.05696807587571,291.72699900971554,495.95288938503626,False
267,4.330419063568115,1034.0,342.0,356.412875024575,44.92736781662198,294.77799871386617,499.1089260090147,False
268,4.347236633300781,1032.0,342.0,358.2906860687556,43.15430069318785,296.4459301519276,501.04242337493565,False
269,4.363558053970337,1030.0,341.0,360.5125186294448,40.9191547066696,298.6662946990074,503.2316231658701,False
270,4.378439903259277,1029.0,340.0,361.7959332735843,39.56700811035163,300.05143090124136,504.4548821124701,False
271,4.394306659698486,1028.0,340.0,362.7345261392579,38.68411528649257,300.88689182951646,505.42123331621536,False
272,4.410194396972656,1025.0,339.0,365.89538933767165,35.57326206271997,303.9446466864726,508.5775010943664,False
273,4.425552606582642,1024.0,338.0,367.17905330141645,34.21443968091867,305.32876354187914,509.80166354410824,False
274,4.440926790237427,1023.0,338.0,368.11750339190957,33.33977395504113,306.16615478357085,510.76768804625675,False
275,4.456291437149048,1022.0,337.0,369.4015667918189,31.979859853812833,307.5500283394647,511.9924732699379,False
276,4.472194194793701,1020.0,336.0,371.6242429029312,29.745503691479104,309.77150614154027,514.1836726480101,False
277,4.488034963607788,1019.0,335.0,372.9096394006662,28.389538544260766,311.1554139234065,515.4100413755498,False
278,4.5039026737213135,1018.0,334.0,374.19596524106584,27.039541557732417,312.5395930286186,516.6373701966357,False
279,4.520062446594238,1017.0,334.0,375.13285582958616,26.154339073017212,313.3768620996758,517.6022288239047,False
280,4.53584098815918,1017.0,334.0,375.13285582958616,26.154339073017212,313.3768620996758,517.6022288239047,False
281,4.551847696304321,1016.0,334.0,376.0700714534849,25.27769959945666,314.21508268761374,518.5672206023554,False
282,4.567903757095337,1016.0,333.0,376.41955417807293,24.8036360488261,314.7608033032184,518.8301541125223,False
283,4.58390998840332,1014.0,332.0,378.64329009312365,22.56776273432776,316.9822225010105,521.0233059558387,False
284,4.599700212478638,1014.0,331.0,378.9956770955776,22.126052043579012,317.5294860156825,521.2888372891974,False
285,4.616084575653076,1013.0,331.0,379.93126006858586,21.224392187508776,318.36619634993946,522.2527614882486,False
286,4.632496118545532,1013.0,330.0,380.28508319666366,20.802237570305696,318.91422057668046,522.5195818486358,False
287,4.648832082748413,1012.0,330.0,381.22012489119925,19.890845447729323,319.7504348315672,523.4831500774894,False
288,4.665196418762207,1012.0,330.0,381.22012489119925,19.890845447729323,319.7504348315672,523.4831500774894,False
289,4.681564569473267,1011.0,329.0,382.5098755154167,18.569239120699724,321.1349345238297,524.714465159863,False
290,4.698401689529419,1010.0,329.0,383.4447078614956,17.655856994655952,321.97159294038516,525.6778147761033,False
291,4.715808153152466,1008.0,328.0,385.66942366736043,15.421181530804596,324.1929560403216,527.872826995771,False
292,4.73273777961731,1006.0,327.0,387.89427002321156,13.186978175318105,326.41451994627124,530.0681824192385,False
293,4.749038457870483,1006.0,327.0,387.89427002321156,13.186978175318105,326.41451994627124,530.0681824192385,False
294,4.765388011932373,1005.0,326.0,389.1850279257904,11.877175686693649,327.79832889812417,531.3011759314908,False
295,4.782346487045288,1005.0,326.0,389.1850279257904,11.877175686693649,327.79832889812417,531.3011759314908,False
296,4.799595832824707,1005.0,326.0,389.1850279257904,11.877175686693649,327.79832889812417,531.3011759314908,False
297,4.816471099853516,1005.0,326.0,389.1850279257904,11.877175686693649,327.79832889812417,531.3011759314908,False
298,4.8333117961883545,1005.0,326.0,389.1850279257904,11.877175686693649,327.79832889812417,531.3011759314908,False
299,4.850703716278076,1005.0,326.0,389.1850279257904,11.877175686693649,327.79832889812417,531.3011759314908,False
300,4.867476224899292,1003.0,326.0,391.0537868400388,10.044530436044276,329.4751362489926,533.2267149587885,False
301,4.884966850280762,1002.0,326.0,391.9886520323039,9.15451999695431,330.3148890002341,534.1896896660579,False
302,4.901876926422119,1001.0,326.0,392.9238379664318,8.289624905184363,331.1555320150664,535.152800184487,False
303,4.91827917098999,1000.0,326.0,393.8593423576987,7.458587383859586,331.9970585308345,536.116045782138,False
304,4.93394136428833,999.0,326.0,394.7951629422618,6.674067010203443,332.8394618462046,537.0794257322223,False
305,4.9498069286346436,999.0,326.0,394.7951629422618,6.674067010203443,332.8394618462046,537.0794257322223,False
306,4.965678691864014,998.0,326.0,395.73129747693093,5.954478579246252,333.68273532056736,538.042939313055,False
307,4.981545448303223,998.0,326.0,395.73129747693093,5.954478579246252,333.68273532056736,538.042939313055,False
308,4.9969422817230225,997.0,326.0,396.6677437389425,5.326205013395466,334.526872373447,539.006585808012,False
309,5.013839244842529,997.0,326.0,396.6677437389425,5.326205013395466,334.526872373447,539.006585808012,False
310,5.029658794403076,995.0,326.0,398.54156265473694,4.493745568315153,336.2177111900114,540.9342746988456,False
311,5.045547246932983,995.0,326.0,398.54156265473694,4.493745568315153,336.2177111900114,540.9342746988456,False
312,5.060906171798706,994.0,326.0,399.47893096313317,4.37108612667019,337.06440008816514,541.898315686388,False
313,5.076794385910034,994.0,326.0,399.47893096313317,4.37108612667019,337.06440008816514,541.898315686388,False
314,5.092710494995117,993.0,326.0,400.4166023076664,4.474264031188274,337.911926832628,542.8624867713022,False
315,5.108723878860474,993.0,326.0,400.4166023076664,4.474264031188274,337.911926832628,542.8624867713022,False
316,5.124971151351929,993.0,326.0,400.4166023076664,4.474264031188274,337.911926832628,542.8624867713022,False
317,5.141333818435669,993.0,326.0,400.4166023076664,4.474264031188274,337.911926832628,542.8624867713022,False
318,5.161796808242798,993.0,326.0,400.4166023076664,4.474264031188274,337.911926832628,542.8624867713022,False
319,5.178062438964844,993.0,326.0,400.4166023076664,4.474264031188274,337.911926832628,542.8624867713022,False
320,5.194352149963379,993.0,326.0,400.4166023076664,4.474264031188274,337.911926832628,542.8624867713022,False
321,5.210733890533447,993.0,326.0,400.4166023076664,4.474264031188274,337.911926832628,542.8624867713022,False
322,5.226069688796997,993.0,326.0,400.4166023076664,4.474264031188274,337.911926832628,542.8624867713022,False
323,5.2419984340667725,993.0,326.0,400.4166023076664,4.474264031188274,337.911926832628,542.8624867713022,False
324,5.2588958740234375,993.0,326.0,400.4166023076664,4.474264031188274,337.911926832628,542.8624867713022,False
325,5.275877237319946,993.0,326.0,400.4166023076664,4.474264031188274,337.911926832628,542.8624867713022,False
326,5.29578971862793,993.0,326.0,400.4166023076664,4.474264031188274,337.911926832628,542.8624867713022,False
327,5.303487300872803,993.0,326.0,400.4166023076664,4.474264031188274,337.911926832628,542.8624867713022,True
328,5.312703847885132,993.0,326.0,400.4166023076664,4.474264031188274,337.911926832628,542.8624867713022,False
329,5.3289954662323,993.0,326.0,400.4166023076664,4.474264031188274,337.911926832628,542.8624867713022,False
330,5.3459460735321045,993.0,326.0,400.4166023076664,4.474264031188274,337.911926832628,542.8624867713022,False
331,5.3616180419921875,993.0,326.0,400.4166023076664,4.474264031188274,337.911926832628,542.8624867713022,False
332,5.378479480743408,993.0,326.0,400.4166023076664,4.474264031188274,337.911926832628,542.8624867713022,False
333,5.394367694854736,993.0,326.0,400.4166023076664,4.474264031188274,337.911926832628,542.8624867713022,False
334,5.410234689712524,993.0,326.0,400.4166023076664,4.474264031188274,337.911926832628,542.8624867713022,False
335,5.426089286804199,993.0,326.0,400.4166023076664,4.474264031188274,337.911926832628,542.8624867713022,False
336,5.441962003707886,993.0,326.0,400.4166023076664,4.474264031188274,337.911926832628,542.8624867713022,False
337,5.4578351974487305,993.0,326.0,400.4166023076664,4.474264031188274,337.911926832628,542.8624867713022,False
338,5.474275827407837,993.0,326.0,400.4166023076664,4.474264031188274,337.911926832628,542.8624867713022,False
339,5.4901087284088135,993.0,326.0,400.4166023076664,4.474264031188274,337.911926832628,542.8624867713022,False
340,5.505945920944214,993.0,326.0,400.4166023076664,4.474264031188274,337.911926832628,542.8624867713022,False
341,5.521820545196533,993.0,326.0,400.4166023076664,4.474264031188274,337.911926832628,542.8624867713022,False
342,5.537690877914429,993.0,326.0,400.4166023076664,4.474264031188274,337.911926832628,542.8624867713022,False
343,5.5537450313568115,993.0,326.0,400.4166023076664,4.474264031188274,337.911926832628,542.8624867713022,False
344,5.570015907287598,993.0,326.0,400.4166023076664,4.474264031188274,337.911926832628,542.8624867713022,False
345,5.58591103553772,994.0,326.0,399.47893096313317,4.37108612667019,337.06440008816514,541.898315686388,False
346,5.601672887802124,997.0,327.0,396.31845376963383,6.173345579381153,333.99248978421224,538.7405061912814,False
347,5.617572784423828,999.0,327.0,394.44421476048694,7.367829141235005,332.3023657068479,536.8123908887368,False
348,5.633415937423706,1003.0,329.0,389.99758695172034,11.66695329012066,327.8538242619447,532.425046317532,False
349,5.649785995483398,1011.0,332.0,381.45361250491493,19.950986163971006,319.49946924606036,523.916949857977,False
350,5.665660619735718,1013.0,333.0,379.2305342771381,22.18013289691194,317.2767636668678,521.7244615846165,False
351,5.68154764175415,1016.0,334.0,376.0700714534849,25.27769959945666,314.21508268761374,518.5672206023554,False
352,5.696908235549927,1018.0,335.0,373.8470787342106,27.51142568915839,311.9931923981534,516.3752567179454,False
353,5.713284015655518,1019.0,336.0,372.5622324301605,28.873995818968552,310.60979782702134,515.1492446054581,False
354,5.729167938232422,1021.0,338.0,369.9953709762175,31.612747693948908,307.84384891182555,512.7001279029239,False
355,5.745165586471558,1022.0,339.0,368.7133755358907,32.987799378937076,306.4613021511832,511.47703723503037,False
356,5.7616126537323,1024.0,341.0,366.15230548168694,35.74707106984375,303.6970834942321,509.03382653103216,False
357,5.778353691101074,1029.0,346.0,359.7671532891298,42.684874904245724,296.79183031152013,502.94346490244385,False
358,5.7947022914886475,1034.0,350.0,353.73193308855195,49.07547519191238,290.4274568013932,497.1192892621431,False
359,5.811196804046631,1040.0,353.0,347.0837066066127,55.714913663588725,283.75343065299967,490.5750892150094,False
360,5.826915979385376,1044.0,357.0,342.0161025635385,61.281873086223975,278.235129019961,485.7460983132187,False
361,5.84380578994751,1047.0,358.0,338.8538253106471,64.31540850116525,275.16424267374714,482.5959184390281,False
362,5.8606650829315186,1055.0,363.0,329.6918126726288,73.74197781527396,265.7304103713804,473.6642564411268,False
363,5.877642869949341,1059.0,366.0,324.96398029461886,78.73661105689987,260.74637814791066,469.09481795400154,False
364,5.894412279129028,1061.0,367.0,322.75459427248313,80.95288980101476,258.5213871842336,466.9233252886066,False
365,5.910199403762817,1068.0,371.0,314.87509552909785,88.99409417185001,250.46737068575206,459.2200568000447,False
366,5.926536560058594,1071.0,374.0,311.1225836389642,93.15812401921421,246.32902181490851,455.6501684061872,False
367,5.943190813064575,1074.0,376.0,307.670571294201,96.76353449669321,242.7247727489899,452.2984168697796,False
368,5.959280729293823,1078.0,379.0,302.9786751341712,101.75832269111902,237.74216712051694,447.76777273971084,False
369,5.975202322006226,1083.0,382.0,297.3364014234503,107.57982255438547,231.91226845366785,442.26711804731264,False
370,5.991011142730713,1091.0,385.0,288.81772154134217,115.90229622692627,223.54659698742512,433.83262222674716,False
371,6.006932497024536,1096.0,389.0,282.9161575045367,122.27733228360468,217.18148666293175,428.1567504741202,False
372,6.02328896522522,1100.0,391.0,278.52725440660095,126.71850252908806,212.73238112223441,423.8526747716736,False
373,6.039170742034912,1103.0,394.0,274.84608003936535,130.87423794057287,208.59326256615125,420.35354799531865,False
374,6.054625511169434,1107.0,397.0,270.2133691336586,135.86626065783534,203.61034332543704,415.8836684863028,False
375,6.070172309875488,1110.0,399.0,266.8092637988392,139.47181192863417,200.0062504694827,412.58212230772585,False
376,6.086282253265381,1113.0,400.0,263.655236556728,142.5250508660565,196.93418609353716,409.4551942709253,False
377,6.102166175842285,1114.0,401.0,262.44058855105885,143.9104555460642,195.55502564668555,408.3000056116719,False
378,6.117809772491455,1119.0,404.0,256.8655690130845,149.73603841226358,189.72540759698515,402.8710959898781,False
379,6.133713483810425,1122.0,407.0,253.24860672892447,153.89401701401542,185.5904455997072,399.42851098192284,False
380,6.149763822555542,1125.0,408.0,250.0994948516432,156.9470365264211,182.5168127142274,396.308823839099,False
381,6.16511344909668,1131.0,411.0,243.57868591128508,163.60966234808657,175.84165793856118,389.91924068266513,False
382,6.181011438369751,1135.0,413.0,239.2372368600174,168.0534275356332,171.39298846626238,385.66553020601964,False
383,6.1991400718688965,1138.0,414.0,236.091838095521,171.1167972707239,168.3274485069468,382.55123794935514,False
384,6.215206623077393,1140.0,416.0,233.7120311960973,173.88104120460483,165.56424350554275,380.28427076423304,False
385,6.231752872467041,1143.0,419.0,230.16135599081647,178.0311876152846,161.42367217238737,376.89805251796537,False
386,6.248583793640137,1149.0,424.0,223.31391458566313,185.7911100524815,153.6847860571541,370.3011468079834,False
387,6.265458583831787,1152.0,426.0,220.00232461928343,189.39662645371152,150.08111734389618,367.0799930010214,False
388,6.281194686889648,1159.0,430.0,212.4213277859638,197.44280321748778,142.02442722914196,359.6656643752587,False
389,6.299066066741943,1163.0,433.0,207.99451349473023,202.4332857288958,137.04364505834212,355.36672682155904,False
390,6.316025018692017,1168.0,436.0,202.60448087171966,208.25920665103845,131.21327251098938,350.0910394932479,False
391,6.3318772315979,1170.0,438.0,200.34603360132408,211.02974988642572,128.46132371164086,347.91150148789734,False
392,6.348741769790649,1171.0,440.0,199.0942736756506,212.9697775836489,126.56919445661144,346.73763107202774,False
393,6.365657091140747,1172.0,441.0,197.97855582278802,214.35707418961613,125.19766526875583,345.6563658729458,False
394,6.381846904754639,1176.0,444.0,193.66054247376888,219.35024477704548,120.22677784029001,341.4299981985534,False
395,6.397491455078125,1178.0,446.0,191.46373866013977,222.12651364922024,117.48985878177857,339.28914012087756,False
396,6.413938760757446,1180.0,447.0,189.3760883976435,224.34371957415465,115.2584089382179,337.22479753309443,False
397,6.431214332580566,1182.0,450.0,187.12102565635433,227.68290324565905,112.02965915314532,335.03801944281656,False
398,6.447406053543091,1185.0,455.0,183.79132258959322,232.99243587567133,106.9964369716062,331.78148954842584,False
399,6.463229656219482,1186.0,460.0,182.58778851860302,236.70080525755196,103.84580635325294,330.59526485014186,False
400,6.479100704193115,1187.0,462.0,181.5442016335584,238.6835604654728,102.08526236830586,329.54180474594403,False
401,6.49494194984436,1191.0,468.0,177.54505884015455,245.46006166479594,95.99837598004842,325.45294879148213,False
402,6.510880470275879,1193.0,473.0,175.7021885329491,250.0630425754396,92.30027992590509,323.4625159298311,False
403,6.526707887649536,1196.0,476.0,172.87045820785508,254.26760024705723,88.46143162110916,320.5058729770903,False
404,6.543063402175903,1197.0,478.0,172.01218547430227,256.2783318236225,86.87274705052619,319.5506009174215,False
405,6.559062242507935,1200.0,482.0,169.37575414675388,261.0992385500343,82.82338004728534,316.67938899565905,False
406,6.574051141738892,1205.0,485.0,164.73920030815714,266.88850547622104,77.19892819607904,311.81414466995915,False
407,6.589704275131226,1207.0,487.0,163.01215178217535,269.6945170698476,74.76003826461829,309.9205345735557,False
408,6.60506010055542,1209.0,488.0,161.17041063336896,271.88793460532236,72.57890351703026,307.9808130673575,False
409,6.621098041534424,1209.0,489.0,161.3162085443953,272.5009921445164,72.34951366824114,308.0412548417157,False
410,6.636874437332153,1211.0,490.0,159.49250381824416,274.69384260692027,70.17895726240316,306.1092258520329,False
411,6.653193950653076,1212.0,491.0,158.66580453725544,276.0969689389205,68.99116208464763,305.17895834867295,False
412,6.669656991958618,1213.0,491.0,157.67941656819517,276.8873843506872,68.01264556569907,304.1813630369273,False
413,6.684922218322754,1216.0,492.0,154.89253992427157,279.8743064560963,64.87136026250636,301.26043564745913,False
414,6.701289653778076,1223.0,494.0,148.38281852638883,286.65784896461196,57.61405856462587,294.4368387646265,False
415,6.717733383178711,1226.0,495.0,145.6446406454453,289.6579468523762,54.478924087674706,291.5314742685609,False
416,6.73395848274231,1228.0,495.0,143.68814533010237,291.262597813976,52.515066332065075,289.53896195442223,False
417,6.749393939971924,1234.0,497.0,138.27539238134864,297.28085792525786,46.24909775104981,283.74620248495347,False
418,6.765261173248291,1237.0,497.0,135.35865978101114,299.70847594737006,43.29893273456077,280.7600798284861,False
419,6.781165599822998,1238.0,498.0,134.62891789267803,301.1046323884756,42.13658718149738,279.86346830615116,False
420,6.797048568725586,1239.0,498.0,133.6596663649334,301.9156951884168,41.1513242843923,278.8685459003398,False
421,6.8123979568481445,1240.0,498.0,132.69087117287748,302.72788830302864,40.16678978228782,277.87365994781123,False
422,6.82775616645813,1243.0,499.0,130.04525292190726,305.75018913833344,37.039768180659344,274.99330784636516,False
423,6.843916893005371,1246.0,499.0,127.15207606255754,308.1987025022082,34.08464405040549,272.01035708397467,False
424,6.860654830932617,1249.0,499.0,124.2639653580796,310.65688836715435,31.13810355832063,269.02778548249825,False
425,6.876973390579224,1250.0,499.0,123.3024491498278,311.4783935448309,30.15826593595835,268.0336813944079,False
426,6.8933515548706055,1252.0,500.0,121.66525223505543,313.6920561501012,28.002766268195412,266.15690453022444,False
427,6.911649703979492,1253.0,500.0,120.7078890597111,314.5151720457763,27.020259616192973,265.1633512183252,False
428,6.928015947341919,1253.0,500.0,120.7078890597111,314.5151720457763,27.020259616192973,265.1633512183252,False
429,6.944900751113892,1253.0,500.0,120.7078890597111,314.5151720457763,27.020259616192973,265.1633512183252,False
430,6.961782455444336,1254.0,500.0,119.75122279577519,315.33931058827767,26.039084868361922,264.169846556254,False
431,6.978606224060059,1254.0,500.0,119.75122279577519,315.33931058827767,26.039084868361922,264.169846556254,False
432,6.994909048080444,1254.0,500.0,119.75122279577519,315.33931058827767,26.039084868361922,264.169846556254,False
433,7.010865688323975,1254.0,500.0,119.75122279577519,315.33931058827767,26.039084868361922,264.169846556254,False
434,7.028421878814697,1254.0,500.0,119.75122279577519,315.33931058827767,26.039084868361922,264.169846556254,False
435,7.045567989349365,1255.0,500.0,118.79527028007155,316.16446378047647,25.059398473168518,263.17639109497776,False
436,7.062535524368286,1255.0,500.0,118.79527028007155,316.16446378047647,25.059398473168518,263.17639109497776,False
437,7.079824209213257,1255.0,500.0,118.79527028007155,316.16446378047647,25.059398473168518,263.17639109497776,False
438,7.096721649169922,1255.0,500.0,118.79527028007155,316.16446378047647,25.059398473168518,263.17639109497776,False
439,7.113131999969482,1256.0,500.0,117.84004888299697,316.99062369871797,24.081382080194786,262.1829853937867,False
440,7.1293909549713135,1257.0,500.0,116.88557652926633,317.81778249211953,23.10524775776301,261.1896300204517,False
441,7.145338773727417,1259.0,500.0,114.97895355343387,319.47506566056165,21.159666728428984,259.2030725718046,False
442,7.162916421890259,1261.0,500.0,113.07555668625483,321.1362519078656,19.225257297855766,257.2167234670172,False
443,7.179686784744263,1263.0,501.0,111.49448934804006,323.35492687732756,17.03656164183235,255.35051654222286,False
444,7.196454286575317,1266.0,501.0,108.65957755520591,325.85529119804056,14.14436162369342,252.37313902047043,False
445,7.213894367218018,1267.0,501.0,107.71659423834227,326.69061534893495,13.190999840690512,251.38079938465384,False
446,7.230722427368164,1268.0,501.0,106.77464846179329,327.5268622760151,12.245080148875427,250.3885207023067,False
447,7.2464118003845215,1269.0,501.0,105.83376792863136,328.3640249291596,11.308470228446863,249.39630370097981,False
448,7.262244939804077,1270.0,501.0,104.89398130399695,329.20209632228,10.383689612221417,248.40414911980284,False
449,7.278127431869507,1271.0,501.0,103.95531825565791,330.0410695327018,9.474202922580924,247.41205770971456,False
450,7.293928146362305,1272.0,501.0,103.01780949654768,330.88093770055065,8.584872280559965,246.42003023369878,False
451,7.309860467910767,1273.0,501.0,102.08148682938965,331.72169402814416,7.7226642506853045,245.42806746702567,False
452,7.32573127746582,1273.0,501.0,102.08148682938965,331.72169402814416,7.7226642506853045,245.42806746702567,False
453,7.341111183166504,1274.0,502.0,101.50669292485486,333.10375467713567,6.350901233740278,244.56548155381427,False
454,7.356976509094238,1274.0,502.0,101.50669292485486,333.10375467713567,6.350901233740278,244.56548155381427,False
455,7.372384309768677,1275.0,502.0,100.5761879789279,333.94490374208647,5.502132090018353,243.57417713680354,False
456,7.388891220092773,1276.0,502.0,99.64702939979951,334.78692640337283,4.7130636099352285,242.5829440997302,False
457,7.4048261642456055,1277.0,503.0,99.09848244774707,336.16828402114487,3.3026310637439753,241.72675324660074,False
458,7.420495986938477,1279.0,503.0,97.25446510628784,337.85394757547687,2.1877829082837628,239.74576792007562,False
459,7.436357736587524,1279.0,504.0,97.64962293076314,338.39183150326016,1.2414855417617996,239.8859451956597,False
460,7.453580141067505,1280.0,504.0,96.7337052859658,339.2346075851295,1.2168801936466616,238.89615254883645,False
461,7.470148086547852,1280.0,504.0,96.7337052859658,339.2346075851295,1.2168801936466616,238.89615254883645,False
462,7.486647605895996,1280.0,504.0,96.7337052859658,339.2346075851295,1.2168801936466616,238.89615254883645,False
463,7.5028908252716064,1280.0,504.0,96.7337052859658,339.2346075851295,1.2168801936466616,238.89615254883645,False
464,7.519101619720459,1280.0,504.0,96.7337052859658,339.2346075851295,1.2168801936466616,238.89615254883645,False
465,7.535051345825195,1280.0,504.0,96.7337052859658,339.2346075851295,1.2168801936466616,238.89615254883645,False
466,7.5504186153411865,1280.0,504.0,96.7337052859658,339.2346075851295,1.2168801936466616,238.89615254883645,False
467,7.566290616989136,1280.0,504.0,96.7337052859658,339.2346075851295,1.2168801936466616,238.89615254883645,False
468,7.582172393798828,1280.0,504.0,96.7337052859658,339.2346075851295,1.2168801936466616,238.89615254883645,False
469,7.5975728034973145,1280.0,504.0,96.7337052859658,339.2346075851295,1.2168801936466616,238.89615254883645,False
470,7.6134092807769775,1280.0,504.0,96.7337052859658,339.2346075851295,1.2168801936466616,238.89615254883645,False
471,7.629277944564819,1280.0,504.0,96.7337052859658,339.2346075851295,1.2168801936466616,238.89615254883645,False
472,7.6451499462127686,1280.0,504.0,96.7337052859658,339.2346075851295,1.2168801936466616,238.89615254883645,False
473,7.661517143249512,1280.0,504.0,96.7337052859658,339.2346075851295,1.2168801936466616,238.89615254883645,False
474,7.677427053451538,1280.0,504.0,96.7337052859658,339.2346075851295,1.2168801936466616,238.89615254883645,False
475,7.679259777069092,1280.0,504.0,96.7337052859658,339.2346075851295,1.2168801936466616,238.89615254883645,True
476,7.692780256271362,1280.0,504.0,96.7337052859658,339.2346075851295,1.2168801936466616,238.89615254883645,False
477,7.708679914474487,1280.0,504.0,96.7337052859658,339.2346075851295,1.2168801936466616,238.89615254883645,False
478,7.725011110305786,1280.0,504.0,96.7337052859658,339.2346075851295,1.2168801936466616,238.89615254883645,False
479,7.741456747055054,1280.0,504.0,96.7337052859658,339.2346075851295,1.2168801936466616,238.89615254883645,False
480,7.757330656051636,1280.0,504.0,96.7337052859658,339.2346075851295,1.2168801936466616,238.89615254883645,False
481,7.773808717727661,1280.0,504.0,96.7337052859658,339.2346075851295,1.2168801936466616,238.89615254883645,False
482,7.79056715965271,1280.0,504.0,96.7337052859658,339.2346075851295,1.2168801936466616,238.89615254883645,False
483,7.807844877243042,1280.0,504.0,96.7337052859658,339.2346075851295,1.2168801936466616,238.89615254883645,False
484,7.824602127075195,1280.0,504.0,96.7337052859658,339.2346075851295,1.2168801936466616,238.89615254883645,False
485,7.840511322021484,1280.0,504.0,96.7337052859658,339.2346075851295,1.2168801936466616,238.89615254883645,False
486,7.856809377670288,1280.0,504.0,96.7337052859658,339.2346075851295,1.2168801936466616,238.89615254883645,False
487,7.872669696807861,1280.0,504.0,96.7337052859658,339.2346075851295,1.2168801936466616,238.89615254883645,False
488,7.888655424118042,1280.0,504.0,96.7337052859658,339.2346075851295,1.2168801936466616,238.89615254883645,False
489,7.904634714126587,1280.0,504.0,96.7337052859658,339.2346075851295,1.2168801936466616,238.89615254883645,False
490,7.9214723110198975,1280.0,504.0,96.7337052859658,339.2346075851295,1.2168801936466616,238.89615254883645,False
491,7.937771320343018,1280.0,504.0,96.7337052859658,339.2346075851295,1.2168801936466616,238.89615254883645,False
492,7.954754829406738,1280.0,504.0,96.7337052859658,339.2346075851295,1.2168801936466616,238.89615254883645,False
493,7.970622777938843,1281.0,504.0,95.8194688890726,340.078235614605,1.8494075973066306,237.90644527389085,False
494,7.986194849014282,1284.0,503.0,92.67273267941047,342.0829236732857,4.948125840175075,234.7947150953279,False
495,8.001627445220947,1285.0,503.0,91.76162739457784,342.9312088803948,5.867150959835127,233.80475452162662,False
496,8.017046689987183,1290.0,501.0,86.3826655668863,346.14414241628214,11.252165616834562,228.57541710422618,False
497,8.032058000564575,1295.0,500.0,81.42942609517628,349.9192226355042,16.295824435986006,223.48604618331794,False
498,8.048006057739258,1296.0,499.0,80.09803017934695,350.2724767796405,17.57095651372285,222.3620569522726,False
499,8.063642978668213,1298.0,498.0,77.86268890081588,351.4957196953585,19.795520771656562,220.24954235062836,False
500,8.079498291015625,1298.0,498.0,77.86268890081588,351.4957196953585,19.795520771656562,220.24954235062836,False
501,8.095380544662476,1300.0,497.0,75.62739058779496,352.7288958094761,22.02241522710516,218.13949078348176,False
502,8.11137342453003,1303.0,495.0,72.06489503075932,354.3521589228641,25.559646339643297,214.9201840365065,False
503,8.12856149673462,1306.0,494.0,68.9217952456252,356.48698835078807,28.711655505680508,211.8248499117212,False
504,8.145113945007324,1310.0,493.0,64.87711078490835,359.51575841517865,32.79271738971006,207.73770378576558,False
505,8.161946535110474,1313.0,491.0,61.30975772642339,361.2137305573579,36.327277112027,204.54046455699563,False
506,8.177218198776245,1316.0,490.0,58.17001939623416,363.40181545127666,39.480814369048076,201.4544195966645,False
507,8.193085193634033,1317.0,490.0,57.26877016655868,364.2883018003594,40.40636353717715,200.4594427190968,False
508,8.207975625991821,1320.0,490.0,54.585663647937,366.9512622876609,43.20292521883648,197.4748165612935,False
509,8.224579811096191,1326.0,489.0,48.829725367513845,371.8413792069756,49.18714183096501,191.40454464411118,False
510,8.241255521774292,1333.0,489.0,42.87269805237206,378.1053064659206,55.84757379588185,184.44087050318527,False
511,8.258131265640259,1337.0,488.0,39.02427298755552,381.2587447693678,59.96627928103417,180.35969961727042,False
512,8.27392578125,1354.0,488.0,27.207146843227225,396.6241489159676,76.41286762549124,163.4545999652628,False
513,8.289821147918701,1362.0,488.0,23.914762762859148,403.9002529657087,84.22851314841748,155.5064186828929,False
514,8.305673837661743,1364.0,488.0,23.448616967052892,405.72353771549353,86.18771054682743,153.52021447360914,False
515,8.32154369354248,1372.0,487.0,22.282432562725315,412.6312471966048,94.22888434789712,145.45811351371833,False
516,8.337119579315186,1377.0,487.0,23.586250233382103,417.21694948738065,99.14020476439315,140.49408453055665,False
517,8.353525638580322,1378.0,487.0,23.96397462658439,418.1352296743979,100.12352227014932,139.50158704581494,False
518,8.373242378234863,1380.0,487.0,24.823251994195015,419.97290984713936,102.09112955537155,137.51691819098062,False
519,8.389745473861694,1382.0,486.0,24.961925483042542,421.42102223345205,104.23877811882488,135.41004143844114,False
520,8.405871391296387,1385.0,486.0,26.70169214331852,424.1850304362539,107.1892783671551,132.4318478426772,False
521,8.42183256149292,1388.0,485.0,27.925707285619158,426.56823648312803,110.3204651809477,129.33397023544663,False
522,8.43818187713623,1394.0,484.0,31.789818039479204,431.73978595024573,116.40226463336435,123.25855909983059,False
523,8.456059217453003,1400.0,484.0,36.77441787403815,437.30511877200786,122.30749886293768,117.30005282478669,False
524,8.478003740310669,1405.0,484.0,41.13589927464443,441.9515852225556,127.2353010503922,112.3380051176234,False
525,8.494753122329712,1412.0,484.0,47.454065873818806,448.46941385993284,134.14320113509643,105.39716502525286,False
526,8.511235475540161,1415.0,484.0,50.217238150383416,451.2671905133251,137.1065897174049,102.4249842373727,False
527,8.527412414550781,1420.0,483.0,54.53950431752727,455.58069787307915,142.20112378921834,97.33534265777872,False
528,8.542054891586304,1422.0,483.0,56.43119076242589,457.4515788421041,144.17710854718638,95.35396651818408,False
529,8.558158874511719,1427.0,482.0,60.90374220534033,461.7852769695738,149.27150194195465,90.26444740334993,False
530,8.574023246765137,1430.0,480.0,63.28595976431117,463.913160645598,152.55258123211019,87.03745476541253,False
531,8.59041428565979,1432.0,480.0,65.23062519211156,465.79351147348586,154.52562590939456,85.05132881081285,False
532,8.60610055923462,1434.0,479.0,66.96221581763406,467.3371676911805,156.6629924152609,82.95001546775323,False
533,8.621946334838867,1436.0,478.0,68.72293817540881,468.88640551889415,158.80307718151448,80.8559311350503,False
534,8.638008117675781,1437.0,478.0,69.70511538827638,469.8292760522005,159.78847528333617,79.86104557253105,False
535,8.653948307037354,1439.0,477.0,71.49620266522263,471.3851733036891,161.93048188400874,77.77379464545483,False
536,8.670060634613037,1440.0,477.0,72.48219005644387,472.32940726346374,162.91537826197552,76.77804460765633,False
537,8.686603784561157,1441.0,476.0,73.31173766730844,472.94652402292087,164.0749983787939,75.69504387454224,False
538,8.702468872070312,1442.0,476.0,74.30055019737144,473.8918673502102,165.0592154472343,74.69835786274528,False
539,8.717858791351318,1445.0,475.0,77.13259054198579,476.40636254230424,168.18920371095686,71.63048374280423,False
540,8.734246969223022,1447.0,474.0,78.9958252566001,477.9806013277146,170.33711390868314,69.56940947603076,False
541,8.75020980834961,1448.0,474.0,79.98938234417842,478.9285360060618,171.32037790582584,68.57118735347612,False
542,8.766552686691284,1451.0,474.0,82.97098244144607,481.7736031237365,174.27131266780782,65.57684603372735,False
543,8.782891511917114,1453.0,474.0,84.95943553815832,483.67135472078513,176.23952292568035,63.58091487368639,False
544,8.799779653549194,1453.0,474.0,84.95943553815832,483.67135472078513,176.23952292568035,63.58091487368639,False
545,8.816251516342163,1454.0,474.0,85.9538630126322,484.62053890930537,177.22389498069015,62.583046717116936,False
546,8.832527875900269,1457.0,474.0,88.93789522070966,487.4693106223852,180.17804384911207,59.589871094528306,False
547,8.848866939544678,1469.0,474.0,100.8834959954912,498.8821274232374,192.00885817575184,47.625757103957255,False
548,8.865769624710083,1482.0,474.0,113.83747714213678,511.27635646616113,204.8477855913378,34.69261798437322,False
549,8.882637977600098,1492.0,473.0,123.73989706232618,520.5388021066011,214.884283929586,24.64537031574576,False
550,8.899465799331665,1495.0,472.0,126.67449186430787,523.1215583673601,218.00073192721203,21.55170090358588,False
551,8.915353298187256,1496.0,472.0,127.67297195926969,524.0794330862464,218.98917469102315,20.55677046764668,False
552,8.932222366333008,1496.0,472.0,127.67297195926969,524.0794330862464,218.98917469102315,20.55677046764668,False
553,8.94848108291626,1497.0,472.0,128.67147566086405,525.0374648911327,219.97772192408652,19.5623570226442,False
554,8.965414047241211,1497.0,472.0,128.67147566086405,525.0374648911327,219.97772192408652,19.5623570226442,False
555,8.981242179870605,1498.0,471.0,129.6197965326521,525.7106477510376,221.1184812756939,18.481270131541457,False
556,8.99611759185791,1500.0,470.0,131.57581668916134,527.3462981131372,223.24987545681486,16.44791413190445,False
557,9.011964797973633,1501.0,470.0,132.57509727415498,528.305977146706,224.23747769393643,15.447940947336265,False
558,9.027339696884155,1501.0,469.0,132.54108246819771,528.0260067015053,224.39628230040267,15.472731261290352,False
559,9.042217493057251,1505.0,469.0,136.53930592019663,531.8682291454924,228.3450230560394,11.481524880069578,False
560,9.057595252990723,1507.0,469.0,138.5384561081607,533.7902096188857,230.32005682652505,9.488699279428623,False
561,9.073492765426636,1507.0,468.0,138.51312553481242,533.5149914943124,230.4790092053441,9.63337672818584,False
562,9.089858531951904,1507.0,468.0,138.51312553481242,533.5149914943124,230.4790092053441,9.63337672818584,False
563,9.105354309082031,1507.0,468.0,138.51312553481242,533.5149914943124,230.4790092053441,9.63337672818584,False
564,9.121283292770386,1507.0,468.0,138.51312553481242,533.5149914943124,230.4790092053441,9.63337672818584,False
565,9.137375354766846,1508.0,468.0,139.5128912511477,534.476691263971,231.46600872554134,8.654879976581928,False
566,9.153835535049438,1508.0,468.0,139.5128912511477,534.476691263971,231.46600872554134,8.654879976581928,False
567,9.170135498046875,1508.0,468.0,139.5128912511477,534.476691263971,231.46600872554134,8.654879976581928,False
568,9.185962915420532,1508.0,468.0,139.5128912511477,534.476691263971,231.46600872554134,8.654879976581928,False
569,9.201863288879395,1508.0,468.0,139.5128912511477,534.476691263971,231.46600872554134,8.654879976581928,False
570,9.21868085861206,1508.0,468.0,139.5128912511477,534.476691263971,231.46600872554134,8.654879976581928,False
571,9.234675407409668,1508.0,468.0,139.5128912511477,534.476691263971,231.46600872554134,8.654879976581928,False
572,9.250537872314453,1508.0,468.0,139.5128912511477,534.476691263971,231.46600872554134,8.654879976581928,False
573,9.266424655914307,1508.0,468.0,139.5128912511477,534.476691263971,231.46600872554134,8.654879976581928,False
574,9.282099962234497,1508.0,468.0,139.5128912511477,534.476691263971,231.46600872554134,8.654879976581928,False
575,9.297677755355835,1508.0,468.0,139.5128912511477,534.476691263971,231.46600872554134,8.654879976581928,False
576,9.313547134399414,1508.0,468.0,139.5128912511477,534.476691263971,231.46600872554134,8.654879976581928,False
577,9.329401731491089,1509.0,468.0,140.5126603017907,535.4385313551763,232.45311937332153,7.681923433029325,False
578,9.344805240631104,1510.0,468.0,141.51243261607192,536.4005110130807,233.44033973896404,6.716915054756261,False
579,9.360161781311035,1511.0,468.0,142.51220812530468,537.3626294881326,234.4276684363393,5.763848373673405,False
580,9.37676477432251,1511.0,468.0,142.51220812530468,537.3626294881326,234.4276684363393,5.763848373673405,False
581,9.392950773239136,1511.0,468.0,142.51220812530468,537.3626294881326,234.4276684363393,5.763848373673405,False
582,9.409826517105103,1512.0,468.0,143.51198676271616,538.3248860360313,235.4151041024206,4.82979795608303,False
583,9.426609516143799,1512.0,468.0,143.51198676271616,538.3248860360313,235.4151041024206,4.82979795608303,False
584,9.442977905273438,1512.0,468.0,143.51198676271616,538.3248860360313,235.4151041024206,4.82979795608303,False
585,9.459908723831177,1512.0,468.0,143.51198676271616,538.3248860360313,235.4151041024206,4.82979795608303,False
586,9.476341962814331,1512.0,468.0,143.51198676271616,538.3248860360313,235.4151041024206,4.82979795608303,False
587,9.493684768676758,1512.0,468.0,143.51198676271616,538.3248860360313,235.4151041024206,4.82979795608303,False
588,9.51008915901184,1512.0,468.0,143.51198676271616,538.3248860360313,235.4151041024206,4.82979795608303,False
589,9.526490211486816,1513.0,468.0,144.51176846338115,539.2872799176819,236.4026453968077,3.9283518832291584,False
590,9.543285369873047,1513.0,468.0,144.51176846338115,539.2872799176819,236.4026453968077,3.9283518832291584,False
591,9.559643983840942,1513.0,468.0,144.51176846338115,539.2872799176819,236.4026453968077,3.9283518832291584,False
592,9.57491683959961,1514.0,468.0,145.51155316415856,540.2498103991505,237.3902910012625,3.0881950619020704,False
593,9.590787172317505,1514.0,468.0,145.51155316415856,540.2498103991505,237.3902910012625,3.0881950619020704,False
594,9.606654405593872,1514.0,468.0,145.51155316415856,540.2498103991505,237.3902910012625,3.0881950619020704,False
595,9.622526407241821,1514.0,468.0,145.51155316415856,540.2498103991505,237.3902910012625,3.0881950619020704,False
596,9.63889193534851,1514.0,468.0,145.51155316415856,540.2498103991505,237.3902910012625,3.0881950619020704,False
597,9.655279636383057,1514.0,468.0,145.51155316415856,540.2498103991505,237.3902910012625,3.0881950619020704,False
598,9.67175555229187,1514.0,468.0,145.51155316415856,540.2498103991505,237.3902910012625,3.0881950619020704,False
599,9.688815593719482,1514.0,468.0,145.51155316415856,540.2498103991505,237.3902910012625,3.0881950619020704,False
600,9.689038038253784,1514.0,468.0,145.51155316415856,540.2498103991505,237.3902910012625,3.0881950619020704,True
